date,detections,avg_frp
2020-01-01,63,3.1612698412698412
2020-01-02,119,3.45109243697479
2020-01-03,130,2.7609230769230773
2020-01-04,128,3.019453125
2020-01-05,126,3.196984126984127
2020-01-06,112,2.869464285714286
2020-01-07,91,3.791758241758242
2020-01-08,26,1.235769230769231
2020-01-09,41,1.9558536585365853
2020-01-10,69,1.924927536231884
2020-01-11,155,2.710258064516129
2020-01-12,112,3.171517857142857
2020-01-13,64,3.3068750000000002
2020-01-14,78,1.8371794871794873
2020-01-15,96,2.4116666666666666
2020-01-16,40,2.20925
2020-01-17,28,1.2064285714285714
2020-01-18,33,1.6442424242424243
2020-01-19,68,1.9817647058823529
2020-01-20,64,4.24765625
2020-01-21,57,1.9559649122807017
2020-01-22,145,3.2850344827586206
2020-01-23,217,3.5624884792626728
2020-01-24,277,4.404584837545126
2020-01-25,234,3.672820512820513
2020-01-26,212,3.6885849056603774
2020-01-27,70,3.2424285714285714
2020-01-28,103,2.685242718446602
2020-01-29,83,4.6979518072289155
2020-01-30,148,2.7301351351351353
2020-01-31,234,4.294487179487179
2020-02-01,215,3.730604651162791
2020-02-02,383,4.022088772845953
2020-02-03,288,4.334930555555555
2020-02-04,249,3.944698795180723
2020-02-05,317,4.44186119873817
2020-02-06,279,7.081469534050179
2020-02-07,292,4.057191780821918
2020-02-08,402,4.217611940298507
2020-02-09,426,3.7870422535211268
2020-02-10,394,5.738147208121827
2020-02-11,369,4.412953929539295
2020-02-12,436,3.981261467889908
2020-02-13,398,4.165
2020-02-14,333,4.497447447447447
2020-02-15,428,4.712476635514019
2020-02-16,467,4.16100642398287
2020-02-17,405,4.537135802469136
2020-02-18,398,4.337462311557789
2020-02-19,156,4.465705128205128
2020-02-20,188,7.339946808510638
2020-02-21,51,2.8058823529411763
2020-02-22,62,2.399677419354839
2020-02-23,129,3.2089147286821706
2020-02-24,174,3.782816091954023
2020-02-25,97,2.8503092783505157
2020-02-26,165,3.1665454545454548
2020-02-27,119,3.265966386554622
2020-02-28,91,2.71978021978022
2020-02-29,136,3.016985294117647
2020-03-01,126,6.798492063492064
2020-03-02,169,4.213254437869822
2020-03-03,263,4.797110266159696
2020-03-04,222,3.864864864864865
2020-03-05,79,3.0722784810126584
2020-03-06,40,2.21875
2020-03-07,35,1.422
2020-03-08,155,3.9925806451612904
2020-03-09,219,2.9372146118721463
2020-03-10,163,4.207055214723926
2020-03-11,109,2.6483486238532112
2020-03-12,141,3.9129787234042555
2020-03-13,48,4.194375
2020-03-14,76,3.8853947368421053
2020-03-15,84,2.721309523809524
2020-03-16,140,4.462785714285714
2020-03-17,230,4.009260869565217
2020-03-18,244,3.9777459016393446
2020-03-19,194,5.794690721649485
2020-03-20,163,4.8247239263803685
2020-03-21,148,4.354662162162162
2020-03-22,115,4.370260869565217
2020-03-23,113,3.7233628318584073
2020-03-24,95,3.490526315789474
2020-03-25,96,4.1066666666666665
2020-03-26,108,4.7825
2020-03-27,31,2.583548387096774
2020-03-28,139,3.4548920863309354
2020-03-29,267,4.711198501872659
2020-03-30,309,4.6284142394822005
2020-03-31,251,6.04211155378486
2020-04-01,305,5.916098360655738
2020-04-02,355,4.818901408450705
2020-04-03,637,5.407535321821036
2020-04-04,836,5.310346889952153
2020-04-05,1069,7.243788587464921
2020-04-06,1186,5.987934232715008
2020-04-07,904,4.352024336283186
2020-04-08,849,3.770965842167256
2020-04-09,1637,6.1404703726328655
2020-04-10,1832,5.658733624454148
2020-04-11,1394,5.450157819225251
2020-04-12,1488,6.586995967741936
2020-04-13,1471,9.317382732834806
2020-04-14,869,5.373866513233602
2020-04-15,1191,5.701418975650714
2020-04-16,2472,6.853770226537217
2020-04-17,1256,6.617547770700637
2020-04-18,1398,8.875615164520744
2020-04-19,974,6.965759753593429
2020-04-20,1205,3.6671452282157677
2020-04-21,2590,5.1448532818532815
2020-04-22,1520,8.82671052631579
2020-04-23,1951,5.213270117888262
2020-04-24,2527,5.810340324495449
2020-04-25,2046,6.81941348973607
2020-04-26,1086,12.228848987108655
2020-04-27,1528,6.4878599476439796
2020-04-28,1843,5.985018990775909
2020-04-29,2087,7.769707714422616
2020-04-30,2477,7.515244247073071
2020-05-01,3241,8.690388768898488
2020-05-02,4144,5.970082046332046
2020-05-03,1973,7.4689204257475925
2020-05-04,1535,8.231485342019544
2020-05-05,1710,5.321491228070175
2020-05-06,1865,8.773061662198392
2020-05-07,4031,6.1463383775738025
2020-05-08,4360,6.418912844036697
2020-05-09,4008,6.8969211576846305
2020-05-10,1510,7.522152317880795
2020-05-11,1851,6.228190167477039
2020-05-12,3004,5.6973402130492685
2020-05-13,1552,5.554587628865979
2020-05-14,2530,6.755758893280633
2020-05-15,2372,6.161429173693086
2020-05-16,3908,6.627387410440123
2020-05-17,3087,8.287745383867833
2020-05-18,3816,6.575235849056603
2020-05-19,2062,8.187948593598447
2020-05-20,2113,7.885953620444865
2020-05-21,1773,7.268533558939651
2020-05-22,1244,8.550466237942123
2020-05-23,1477,7.006723087339202
2020-05-24,1085,6.345603686635945
2020-05-25,984,8.70028455284553
2020-05-26,1017,6.180009832841691
2020-05-27,525,6.991142857142857
2020-05-28,334,5.682155688622754
2020-05-29,121,5.141404958677686
2020-05-30,111,4.756306306306307
2020-05-31,152,6.362368421052632
2020-06-01,76,6.301052631578948
2020-06-02,88,5.95090909090909
2020-06-03,60,3.8185000000000002
2020-06-04,37,4.171891891891892
2020-06-05,67,4.87134328358209
2020-06-06,126,5.45468253968254
2020-06-07,142,4.712605633802817
2020-06-08,135,5.551925925925926
2020-06-09,83,4.215542168674698
2020-06-10,83,6.203975903614459
2020-06-11,74,4.0279729729729725
2020-06-12,59,4.7655932203389835
2020-06-13,52,4.483653846153846
2020-06-14,55,3.5309090909090908
2020-06-15,75,5.577066666666666
2020-06-16,89,4.448988764044944
2020-06-17,52,3.6107692307692307
2020-06-18,104,3.7577884615384614
2020-06-19,83,3.8366265060240963
2020-06-20,67,5.799402985074627
2020-06-21,115,8.821913043478261
2020-06-22,42,3.7861904761904763
2020-06-23,101,5.045346534653465
2020-06-24,55,3.0558181818181818
2020-06-25,8,1.1849999999999998
2020-06-26,19,3.2136842105263157
2020-06-27,16,2.3725
2020-06-28,70,5.519142857142857
2020-06-29,11,2.328181818181818
2020-06-30,51,5.187843137254902
2020-07-01,56,4.01875
2020-07-02,127,3.8923622047244093
2020-07-03,65,4.010923076923077
2020-07-04,107,4.413271028037383
2020-07-05,22,2.4250000000000003
2020-07-06,9,5.656666666666666
2020-07-07,31,4.820967741935483
2020-07-08,5,2.004
2020-07-09,21,3.6328571428571426
2020-07-10,38,4.134736842105263
2020-07-11,9,1.9911111111111113
2020-07-12,19,11.003684210526316
2020-07-13,14,1.7285714285714284
2020-07-14,12,3.0175
2020-07-15,24,3.5795833333333333
2020-07-16,39,2.408974358974359
2020-07-17,33,3.6375757575757577
2020-07-18,11,2.7018181818181817
2020-07-19,10,1.492
2020-07-20,4,2.6925
2020-07-21,10,1.5939999999999999
2020-07-22,17,3.320588235294118
2020-07-23,10,1.705
2020-07-24,7,1.3057142857142858
2020-07-25,8,1.195
2020-07-26,26,2.068846153846154
2020-07-27,6,2.3833333333333333
2020-07-28,7,2.391428571428571
2020-07-29,5,1.8739999999999999
2020-07-31,9,1.8711111111111112
2020-08-01,5,1.668
2020-08-02,10,2.293
2020-08-03,11,1.3372727272727274
2020-08-04,8,1.21125
2020-08-05,2,3.005
2020-08-06,3,3.2433333333333336
2020-08-07,29,2.4482758620689653
2020-08-08,9,2.9955555555555557
2020-08-09,2,2.0549999999999997
2020-08-10,1,0.51
2020-08-11,5,1.7120000000000002
2020-08-13,7,0.9857142857142858
2020-08-14,4,1.2025
2020-08-15,9,1.4644444444444444
2020-08-16,10,3.154
2020-08-17,6,2.7566666666666664
2020-08-18,6,3.195
2020-08-19,4,1.7375
2020-08-20,5,3.524
2020-08-21,8,1.2025000000000001
2020-08-22,3,1.54
2020-08-23,4,2.105
2020-08-24,9,1.517777777777778
2020-08-25,9,1.482222222222222
2020-08-26,5,1.5699999999999998
2020-08-27,7,1.792857142857143
2020-08-28,16,1.196875
2020-08-29,24,2.4483333333333333
2020-08-30,14,9.355
2020-08-31,9,1.1277777777777778
2020-09-01,6,3.408333333333333
2020-09-02,4,1.55
2020-09-03,27,1.1662962962962964
2020-09-04,15,1.8286666666666667
2020-09-05,22,1.0413636363636363
2020-09-06,27,2.031111111111111
2020-09-07,21,1.3485714285714285
2020-09-08,16,1.228125
2020-09-09,17,1.381764705882353
2020-09-10,25,2.2276
2020-09-11,21,3.154285714285714
2020-09-12,19,2.986842105263158
2020-09-13,25,4.081199999999999
2020-09-14,19,2.316842105263158
2020-09-15,14,1.8192857142857142
2020-09-16,21,2.551904761904762
2020-09-17,33,4.026060606060606
2020-09-18,42,3.9588095238095242
2020-09-19,32,3.6828125
2020-09-20,47,2.97468085106383
2020-09-21,43,4.096279069767442
2020-09-22,43,4.011627906976744
2020-09-23,36,4.533055555555555
2020-09-24,50,5.1136
2020-09-25,127,5.716220472440945
2020-09-26,109,4.132385321100918
2020-09-27,161,4.545155279503105
2020-09-28,131,3.226488549618321
2020-09-29,182,3.9574175824175826
2020-09-30,207,4.9169082125603865
2020-10-01,212,4.54438679245283
2020-10-02,264,5.084242424242424
2020-10-03,270,4.659518518518518
2020-10-04,475,4.129115789473684
2020-10-05,320,4.38615625
2020-10-06,455,4.356527472527473
2020-10-07,513,4.946471734892787
2020-10-08,565,5.739238938053098
2020-10-09,693,4.133564213564213
2020-10-10,772,5.371904145077719
2020-10-11,907,5.141400220507166
2020-10-12,891,4.3639955106621775
2020-10-13,822,5.992347931873479
2020-10-14,1181,4.919441151566469
2020-10-15,1478,5.604553450608932
2020-10-16,1199,6.34512093411176
2020-10-17,1887,5.555935347111817
2020-10-18,2072,6.622789575289575
2020-10-19,1563,5.994216250799743
2020-10-20,2009,5.177172722747636
2020-10-21,1859,6.281113501882733
2020-10-22,2406,5.809206151288445
2020-10-23,2390,6.261221757322176
2020-10-24,2629,6.906705971852415
2020-10-25,4006,5.771178232651024
2020-10-26,3574,7.336138780078344
2020-10-27,4587,6.873764988009592
2020-10-28,5622,6.329000355745286
2020-10-29,4695,6.593642172523962
2020-10-30,7508,7.009721630261055
2020-10-31,7987,7.5914874170527105
2020-11-01,6637,8.215406056953443
2020-11-02,7731,6.769292458931575
2020-11-03,7017,7.925314236853356
2020-11-04,9919,7.900378062304668
2020-11-05,11379,6.755986466297565
2020-11-06,8558,7.595739658798784
2020-11-07,10717,7.2803041896053005
2020-11-08,8278,7.032465571394057
2020-11-09,5570,7.552587073608618
2020-11-10,8039,6.472448065679811
2020-11-11,4863,6.725362944684351
2020-11-12,3132,6.01955619412516
2020-11-13,4151,5.607805348108889
2020-11-14,1958,5.2958324821246165
2020-11-15,1399,5.062151536812008
2020-11-16,293,2.7841296928327646
2020-11-17,549,4.009162112932605
2020-11-18,926,4.955064794816415
2020-11-19,1012,5.857490118577075
2020-11-20,1280,5.643421875
2020-11-21,1527,4.995016371971186
2020-11-22,822,4.212177615571776
2020-11-23,635,4.415543307086614
2020-11-24,573,3.7501396160558462
2020-11-25,403,3.327394540942928
2020-11-26,320,3.0040312499999997
2020-11-27,692,3.3949855491329477
2020-11-28,1011,4.191533135509397
2020-11-29,1025,4.235941463414634
2020-11-30,916,3.670043668122271
2020-12-01,756,4.038875661375661
2020-12-02,908,3.7347026431718064
2020-12-03,854,3.75519906323185
2020-12-04,698,3.473352435530086
2020-12-05,757,3.1752840158520477
2020-12-06,811,3.5078914919852036
2020-12-07,780,3.7417051282051284
2020-12-08,793,3.7101765447667088
2020-12-09,611,4.282422258592471
2020-12-10,801,3.731186017478152
2020-12-11,208,2.5925000000000002
2020-12-12,91,3.415054945054945
2020-12-13,441,3.415827664399093
2020-12-14,494,4.31246963562753
2020-12-15,545,3.5103119266055045
2020-12-16,417,4.675851318944844
2020-12-17,655,3.9899389312977096
2020-12-18,776,4.170618556701031
2020-12-19,824,4.34120145631068
2020-12-20,605,4.107487603305786
2020-12-21,415,3.4139518072289157
2020-12-22,630,3.583476190476191
2020-12-23,815,3.8575828220858894
2020-12-24,744,4.719341397849463
2020-12-25,757,3.821994715984148
2020-12-26,778,4.725398457583548
2020-12-27,664,5.42112951807229
2020-12-28,504,5.222242063492063
2020-12-29,534,5.662827715355805
2020-12-30,506,4.5129644268774705
2020-12-31,514,5.229708171206226
2021-01-01,844,4.2202251184834125
2021-01-02,407,4.764791154791155
2021-01-03,141,5.55113475177305
2021-01-04,78,3.528461538461539
2021-01-05,36,2.6397222222222223
2021-01-06,193,2.8955958549222798
2021-01-07,210,5.780714285714286
2021-01-08,227,10.321321585903084
2021-01-09,326,12.07941717791411
2021-01-10,302,5.172880794701987
2021-01-11,474,4.861645569620253
2021-01-12,438,5.223424657534247
2021-01-13,380,4.454
2021-01-14,226,3.9276106194690263
2021-01-15,204,4.118235294117647
2021-01-16,321,3.006386292834891
2021-01-17,209,3.7267464114832536
2021-01-18,220,3.9472727272727273
2021-01-19,354,3.125225988700565
2021-01-20,298,3.645402684563758
2021-01-21,539,4.459294990723562
2021-01-22,298,4.910234899328859
2021-01-23,309,4.360647249190938
2021-01-24,278,3.5880935251798562
2021-01-25,272,3.7094117647058824
2021-01-26,506,4.715830039525692
2021-01-27,758,8.884775725593668
2021-01-28,784,8.590408163265307
2021-01-29,550,6.539345454545455
2021-01-30,568,4.082676056338029
2021-01-31,548,4.922664233576642
2021-02-01,680,3.8798382352941174
2021-02-02,664,5.0458584337349395
2021-02-03,588,4.308622448979592
2021-02-04,383,4.184647519582246
2021-02-05,169,3.5294082840236687
2021-02-06,408,3.3446078431372546
2021-02-07,512,4.1349609375
2021-02-08,490,5.196857142857143
2021-02-09,437,4.440983981693364
2021-02-10,519,4.6032947976878615
2021-02-11,451,4.206363636363636
2021-02-12,417,4.136378896882494
2021-02-13,437,5.171601830663615
2021-02-14,380,4.483894736842105
2021-02-15,507,4.004181459566075
2021-02-16,362,4.629281767955801
2021-02-17,524,4.751240458015268
2021-02-18,482,4.934045643153527
2021-02-19,443,4.008306997742664
2021-02-20,627,3.9558692185007973
2021-02-21,577,3.625961871750433
2021-02-22,514,5.082937743190661
2021-02-23,609,3.8711822660098525
2021-02-24,783,3.923920817369093
2021-02-25,1078,4.594230055658627
2021-02-26,1214,7.450148270181219
2021-02-27,555,5.2582162162162165
2021-02-28,1043,4.5771907957814
2021-03-01,1335,4.757445692883895
2021-03-02,1348,4.378731454005934
2021-03-03,1216,4.368791118421052
2021-03-04,1234,4.146547811993517
2021-03-05,2079,4.970716690716691
2021-03-06,1737,4.638710420264824
2021-03-07,1101,4.1374023614895545
2021-03-08,1037,4.268958534233366
2021-03-09,878,4.439612756264237
2021-03-10,881,3.8302951191827472
2021-03-11,1010,4.169475247524753
2021-03-12,261,5.684061302681992
2021-03-13,747,3.3291834002677376
2021-03-14,1004,3.4361155378486057
2021-03-15,1177,3.6890909090909094
2021-03-16,1560,3.5106346153846153
2021-03-17,2149,4.199255467659377
2021-03-18,1418,4.131953455571227
2021-03-19,1535,3.581459283387622
2021-03-20,2280,3.8934035087719296
2021-03-21,2732,3.5413616398243044
2021-03-22,2637,3.6654342055365947
2021-03-23,2204,3.507268602540835
2021-03-24,4605,2.954925081433225
2021-03-25,6414,3.300299345182413
2021-03-26,5641,3.797197305442298
2021-03-27,6222,4.293142076502733
2021-03-28,4940,3.989204453441295
2021-03-29,5907,4.375286947689182
2021-03-30,10651,5.578896817200263
2021-03-31,9085,5.220610897083104
2021-04-01,12772,4.927502348888193
2021-04-02,12623,4.767609126198209
2021-04-03,14244,4.114100673967987
2021-04-04,12682,4.8890750670241285
2021-04-05,6718,5.11500297707651
2021-04-06,5036,4.762505549787135
2021-04-07,4059,4.636151761517615
2021-04-08,4390,4.048908883826879
2021-04-09,6852,3.722530647985989
2021-04-10,7676,4.499673006774361
2021-04-11,6850,5.098769343065693
2021-04-12,7338,4.7355859907331705
2021-04-13,8349,5.898496825967182
2021-04-14,6433,6.0525415824654125
2021-04-15,4696,4.057962095400341
2021-04-16,4749,5.698292272057275
2021-04-17,3180,4.44475786163522
2021-04-18,4627,6.510929327858223
2021-04-19,7060,7.225811614730879
2021-04-20,3195,8.23414710485133
2021-04-21,1067,6.961321462043111
2021-04-22,2057,5.5510257656781725
2021-04-23,2812,5.978054765291608
2021-04-24,4084,6.00095249755142
2021-04-25,4811,5.6199418000415715
2021-04-26,5150,6.9445262135922325
2021-04-27,7529,6.75700889892416
2021-04-28,7728,8.294645445134575
2021-04-29,3708,8.080177993527508
2021-04-30,2683,5.917815877748788
2021-05-01,3339,6.366627732854147
2021-05-02,3253,5.247964955425761
2021-05-03,2514,5.700640413683373
2021-05-04,1262,8.252630744849444
2021-05-05,2958,5.8185091277890475
2021-05-06,1205,6.56751867219917
2021-05-07,2432,6.284416118421053
2021-05-08,4149,6.485097613882863
2021-05-09,3680,5.9573097826086965
2021-05-10,1948,6.077659137577003
2021-05-11,1497,5.724448897795591
2021-05-12,452,8.386017699115044
2021-05-13,428,6.778714953271028
2021-05-14,1516,5.6185356200527705
2021-05-15,2021,6.058510638297872
2021-05-16,2519,5.317943628423977
2021-05-17,791,7.5949431099873586
2021-05-18,76,5.034605263157895
2021-05-19,12,1.2708333333333333
2021-05-20,319,5.059122257053291
2021-05-21,355,5.129183098591549
2021-05-22,523,6.502217973231358
2021-05-23,635,4.703433070866142
2021-05-24,564,4.396258865248226
2021-05-25,335,6.236507462686567
2021-05-26,473,5.61414376321353
2021-05-27,193,5.8917098445595855
2021-05-28,228,5.112587719298246
2021-05-29,212,4.432830188679246
2021-05-30,84,4.810833333333333
2021-05-31,137,4.828029197080292
2021-06-01,76,5.400131578947368
2021-06-02,101,3.8994059405940598
2021-06-03,106,5.700943396226415
2021-06-04,35,3.448571428571429
2021-06-05,67,2.4146268656716416
2021-06-06,128,4.198515625
2021-06-07,45,5.299555555555555
2021-06-08,68,4.165294117647059
2021-06-09,40,4.2665
2021-06-10,45,3.7555555555555555
2021-06-11,34,4.182647058823529
2021-06-12,29,2.97448275862069
2021-06-13,16,1.248125
2021-06-14,31,2.8061290322580645
2021-06-15,28,3.755357142857143
2021-06-16,31,3.1851612903225806
2021-06-17,16,2.384375
2021-06-18,60,3.539
2021-06-19,86,3.3052325581395348
2021-06-20,67,15.625373134328356
2021-06-21,85,3.8609411764705883
2021-06-22,103,3.1520388349514565
2021-06-23,104,5.0337499999999995
2021-06-24,39,4.716410256410256
2021-06-25,18,2.703888888888889
2021-06-26,37,3.408918918918919
2021-06-27,88,2.9481818181818182
2021-06-28,90,3.986
2021-06-29,134,4.3594776119402985
2021-06-30,117,4.143760683760684
2021-07-01,124,5.8180645161290325
2021-07-02,90,3.9266666666666663
2021-07-03,29,4.201379310344827
2021-07-04,53,3.703584905660377
2021-07-05,57,3.685263157894737
2021-07-06,52,3.2142307692307694
2021-07-07,76,4.7427631578947365
2021-07-08,63,3.3176190476190475
2021-07-09,55,4.911090909090909
2021-07-10,55,5.665454545454546
2021-07-11,44,2.6025
2021-07-12,19,3.4415789473684213
2021-07-13,29,1.932758620689655
2021-07-14,38,2.3342105263157897
2021-07-15,67,3.372537313432836
2021-07-16,49,3.375306122448979
2021-07-17,3,5.956666666666667
2021-07-18,4,2.245
2021-07-19,3,1.8066666666666666
2021-07-20,3,0.71
2021-07-21,3,3.013333333333333
2021-07-22,17,1.67
2021-07-23,7,1.2985714285714285
2021-07-24,15,1.5873333333333335
2021-07-25,7,1.6285714285714286
2021-07-30,1,0.69
2021-07-31,2,5.76
2021-08-01,7,0.8914285714285715
2021-08-02,2,3.6399999999999997
2021-08-03,7,1.3228571428571427
2021-08-04,8,1.2375
2021-08-05,5,1.3199999999999998
2021-08-06,5,1.274
2021-08-07,3,2.0033333333333334
2021-08-08,6,1.445
2021-08-09,6,1.8616666666666666
2021-08-10,10,1.7469999999999999
2021-08-11,11,1.44
2021-08-12,6,2.3699999999999997
2021-08-13,13,1.0684615384615386
2021-08-14,23,2.003913043478261
2021-08-15,19,1.756315789473684
2021-08-16,14,1.4000000000000001
2021-08-17,12,1.8416666666666668
2021-08-18,14,1.7842857142857143
2021-08-19,5,2.0900000000000003
2021-08-20,7,1.5171428571428573
2021-08-21,16,2.221875
2021-08-22,18,1.3127777777777778
2021-08-23,4,2.0075
2021-08-24,4,1.4
2021-08-25,10,2.255
2021-08-26,3,1.1533333333333333
2021-08-27,15,2.2939999999999996
2021-08-28,14,1.33
2021-08-29,11,1.779090909090909
2021-08-30,13,1.8738461538461537
2021-08-31,6,1.29
2021-09-01,15,1.2193333333333334
2021-09-02,4,2.27
2021-09-03,15,1.5273333333333334
2021-09-04,12,1.6216666666666668
2021-09-05,21,1.4219047619047618
2021-09-06,16,2.924375
2021-09-07,20,2.007
2021-09-08,9,1.9055555555555554
2021-09-09,15,1.4160000000000001
2021-09-10,1,0.85
2021-09-11,8,1.705
2021-09-12,4,2.01
2021-09-13,10,1.046
2021-09-14,12,2.7025
2021-09-15,10,2.3280000000000003
2021-09-16,14,1.4007142857142856
2021-09-17,10,1.1480000000000001
2021-09-18,17,1.3823529411764706
2021-09-19,34,1.9914705882352943
2021-09-20,35,3.2968571428571427
2021-09-21,26,1.416153846153846
2021-09-22,6,1.6116666666666666
2021-09-23,14,1.897857142857143
2021-09-24,29,1.356206896551724
2021-09-25,19,2.11
2021-09-26,43,2.2855813953488373
2021-09-27,49,3.768775510204082
2021-09-28,55,3.4203636363636365
2021-09-29,116,3.6048275862068966
2021-09-30,86,5.319418604651163
2021-10-01,100,4.7556
2021-10-02,39,1.8725641025641027
2021-10-03,81,2.799382716049383
2021-10-04,67,2.5544776119402988
2021-10-05,84,3.558452380952381
2021-10-06,155,3.9247741935483873
2021-10-07,288,3.853888888888889
2021-10-08,261,4.3870881226053635
2021-10-09,364,4.012967032967033
2021-10-10,656,3.8817530487804874
2021-10-11,419,4.4749403341288785
2021-10-12,652,4.094156441717791
2021-10-13,827,4.8169286577992745
2021-10-14,1009,5.330426164519325
2021-10-15,2217,4.909115922417682
2021-10-16,1755,5.779014245014245
2021-10-17,110,4.407818181818182
2021-10-18,166,6.540602409638554
2021-10-19,761,6.279671484888305
2021-10-20,1603,5.473456019962571
2021-10-21,1572,6.6969338422391855
2021-10-22,1950,6.628261538461539
2021-10-23,2036,5.380854616895874
2021-10-24,220,5.9105454545454545
2021-10-25,475,4.79418947368421
2021-10-26,1105,5.480099547511313
2021-10-27,1308,6.058211009174312
2021-10-28,2541,6.0716607634789455
2021-10-29,2624,7.20968368902439
2021-10-30,3400,7.25399411764706
2021-10-31,5819,6.776203815088504
2021-11-01,5111,7.40424183134416
2021-11-02,6259,7.155304361719125
2021-11-03,6050,7.155191735537191
2021-11-04,6292,8.811362047043865
2021-11-05,11429,7.328524805319801
2021-11-06,8900,9.10978202247191
2021-11-07,10398,8.798577611079054
2021-11-08,10737,7.4326450591412865
2021-11-09,8889,7.908161772977837
2021-11-10,10056,6.985910898965792
2021-11-11,9978,6.921308879534978
2021-11-12,9095,8.523965915338097
2021-11-13,9108,6.9988910847606505
2021-11-14,5481,7.341705893085203
2021-11-15,3934,7.080803253685816
2021-11-16,4434,6.148137122237258
2021-11-17,2299,6.418716833405829
2021-11-18,1550,5.629425806451613
2021-11-19,1365,5.678945054945055
2021-11-20,750,5.741853333333334
2021-11-21,1138,4.937574692442882
2021-11-22,1090,4.585981651376147
2021-11-23,1186,4.528043844856661
2021-11-24,1322,3.9350075642965203
2021-11-25,1129,3.949007971656333
2021-11-26,819,3.933992673992674
2021-11-27,994,4.265975855130785
2021-11-28,1008,3.470436507936508
2021-11-29,816,3.687095588235294
2021-11-30,564,3.400177304964539
2021-12-01,415,3.4583855421686747
2021-12-02,147,2.97156462585034
2021-12-03,369,2.8284552845528457
2021-12-04,414,3.664057971014493
2021-12-05,459,3.5857734204793026
2021-12-06,459,3.1345315904139435
2021-12-07,594,3.6366666666666663
2021-12-08,784,3.3217346938775507
2021-12-09,470,3.5227021276595747
2021-12-10,600,3.3701499999999998
2021-12-11,752,3.2908909574468086
2021-12-12,566,3.449575971731449
2021-12-13,514,3.1454474708171207
2021-12-14,602,3.189700996677741
2021-12-15,444,3.2865765765765764
2021-12-16,547,3.06327239488117
2021-12-17,326,3.720920245398773
2021-12-18,464,3.855237068965517
2021-12-19,424,2.7928301886792455
2021-12-20,278,3.5314388489208635
2021-12-21,418,3.3196411483253585
2021-12-22,335,3.0440597014925372
2021-12-23,297,3.2133333333333334
2021-12-24,325,3.5070153846153844
2021-12-25,245,3.2188163265306122
2021-12-26,62,2.5999999999999996
2021-12-27,140,3.217
2021-12-28,33,1.8009090909090908
2021-12-29,123,2.8728455284552847
2021-12-30,57,1.7028070175438597
2021-12-31,117,2.8112820512820513
2022-01-01,186,3.48494623655914
2022-01-02,125,2.69224
2022-01-03,213,3.770281690140845
2022-01-04,78,3.9403846153846156
2022-01-05,8,2.1925
2022-01-06,30,0.9596666666666667
2022-01-07,34,2.353529411764706
2022-01-08,18,0.8188888888888889
2022-01-09,32,0.9296875
2022-01-10,33,1.908787878787879
2022-01-11,31,2.97
2022-01-12,33,1.5951515151515152
2022-01-13,67,3.0397014925373136
2022-01-14,50,2.6060000000000003
2022-01-15,51,3.8315686274509804
2022-01-16,42,3.769761904761905
2022-01-17,71,3.0067605633802814
2022-01-18,48,3.4164583333333334
2022-01-19,64,1.92953125
2022-01-20,50,2.1754
2022-01-21,95,2.6117894736842104
2022-01-22,17,1.6894117647058824
2022-01-23,17,1.238235294117647
2022-01-24,40,2.80925
2022-01-25,63,2.3166666666666664
2022-01-26,87,5.042988505747126
2022-01-27,91,3.9720879120879125
2022-01-28,167,3.6762874251497
2022-01-29,190,3.169263157894737
2022-01-30,247,3.3824696356275306
2022-01-31,172,5.555523255813953
2022-02-01,255,4.048705882352942
2022-02-02,114,2.8221929824561407
2022-02-03,71,4.030704225352113
2022-02-04,75,2.1845333333333334
2022-02-05,163,2.7439877300613498
2022-02-06,92,2.889130434782609
2022-02-07,154,2.956883116883117
2022-02-08,134,3.468283582089552
2022-02-09,80,3.240625
2022-02-10,161,4.04111801242236
2022-02-11,205,4.042146341463415
2022-02-12,370,4.5548918918918915
2022-02-13,488,4.828012295081968
2022-02-14,293,4.976518771331057
2022-02-15,332,3.550150602409639
2022-02-16,287,3.8871777003484316
2022-02-17,375,3.9966666666666666
2022-02-18,398,3.9340954773869345
2022-02-19,270,4.836851851851852
2022-02-20,361,4.158891966759002
2022-02-21,326,5.224969325153374
2022-02-22,213,4.356478873239436
2022-02-23,154,3.4936363636363637
2022-02-24,148,3.460675675675675
2022-02-25,173,3.593815028901734
2022-02-26,150,3.2518
2022-02-27,180,4.845555555555555
2022-02-28,321,4.067383177570093
2022-03-01,357,4.116162464985995
2022-03-02,257,3.7884046692607005
2022-03-03,205,2.897170731707317
2022-03-04,263,4.2393536121673
2022-03-05,250,5.10688
2022-03-06,176,4.941704545454545
2022-03-07,158,3.2120886075949366
2022-03-08,346,4.180838150289017
2022-03-09,340,5.133264705882353
2022-03-10,231,3.481991341991342
2022-03-11,265,3.6669811320754717
2022-03-12,260,4.543423076923077
2022-03-13,249,4.290401606425703
2022-03-14,266,4.398571428571429
2022-03-15,271,7.498339483394834
2022-03-16,379,6.46245382585752
2022-03-17,851,2.882961222091657
2022-03-18,331,5.005891238670695
2022-03-19,452,4.0869690265486724
2022-03-20,421,5.0585035629453685
2022-03-21,867,5.340438292964245
2022-03-22,2268,4.421569664902998
2022-03-23,2886,4.573801108801109
2022-03-24,1903,5.056032580136626
2022-03-25,1726,4.493603707995365
2022-03-26,3518,4.188683911313246
2022-03-27,4983,5.184268512944009
2022-03-28,4792,5.784739148580969
2022-03-29,4292,6.818275862068965
2022-03-30,3439,6.657644664146554
2022-03-31,2034,6.681283185840708
2022-04-01,1935,6.590191214470284
2022-04-02,1695,5.1496165191740415
2022-04-03,2066,6.066432720232333
2022-04-04,3263,6.845139442231075
2022-04-05,2502,6.233093525179856
2022-04-06,2518,5.983109610802224
2022-04-07,2258,5.782767936226749
2022-04-08,2287,8.321329252295584
2022-04-09,2752,7.0267550872093025
2022-04-10,2475,7.013333333333334
2022-04-11,1909,6.340324777370351
2022-04-12,1244,4.975104501607717
2022-04-13,1765,5.86758640226629
2022-04-14,3320,6.383987951807229
2022-04-15,5375,6.1085786046511625
2022-04-16,5582,5.759233249731279
2022-04-17,6189,5.875508159638067
2022-04-18,6056,5.513252972258917
2022-04-19,4847,4.87255622034248
2022-04-20,4748,6.510494945240102
2022-04-21,1791,4.718805136795086
2022-04-22,4826,4.952598425196851
2022-04-23,8987,5.060429509291199
2022-04-24,12655,6.513039114974318
2022-04-25,8492,6.328654901597858
2022-04-26,7662,4.873094492299661
2022-04-27,8183,6.332459978003177
2022-04-28,6424,6.537023661270236
2022-04-29,6255,8.626828137490008
2022-04-30,7345,7.164239618788291
2022-05-01,3523,6.884294635254045
2022-05-02,4791,5.555950740972658
2022-05-03,2264,4.708414310954064
2022-05-04,2717,6.320294442399706
2022-05-05,3787,5.90726960654872
2022-05-06,2286,6.284702537182852
2022-05-07,3357,7.566044086982425
2022-05-08,4086,5.79581742535487
2022-05-09,1798,5.318854282536151
2022-05-10,1777,5.546274620146313
2022-05-11,1247,5.817016840417001
2022-05-12,1263,7.390419635787807
2022-05-13,1725,6.909971014492754
2022-05-14,1598,6.962246558197747
2022-05-15,1227,7.000529747351263
2022-05-16,872,4.84526376146789
2022-05-17,1069,6.359298409728718
2022-05-18,1065,6.911680751173709
2022-05-19,1282,6.263042121684868
2022-05-20,717,8.005453277545328
2022-05-21,705,6.483475177304965
2022-05-22,379,4.925461741424802
2022-05-23,162,6.275864197530865
2022-05-24,145,3.9170344827586208
2022-05-25,207,4.32
2022-05-26,329,5.254711246200608
2022-05-27,283,5.925194346289753
2022-05-28,207,4.516714975845411
2022-05-29,201,5.40228855721393
2022-05-30,123,3.839593495934959
2022-05-31,208,4.916634615384615
2022-06-01,472,5.138029661016949
2022-06-02,626,4.954520766773164
2022-06-03,675,5.0463407407407415
2022-06-04,723,4.097136929460581
2022-06-05,749,4.666381842456609
2022-06-06,636,5.474827044025157
2022-06-07,562,5.436565836298932
2022-06-08,627,4.052934609250399
2022-06-09,591,4.95994923857868
2022-06-10,451,5.363126385809313
2022-06-11,337,5.485697329376855
2022-06-12,371,5.500404312668464
2022-06-13,358,5.81072625698324
2022-06-14,448,5.497700892857142
2022-06-15,212,4.854528301886793
2022-06-16,194,4.502268041237114
2022-06-17,56,4.006607142857143
2022-06-18,78,4.92
2022-06-19,49,3.5114285714285716
2022-06-20,71,4.070281690140845
2022-06-21,48,2.620833333333333
2022-06-22,69,4.285072463768116
2022-06-23,122,4.2780327868852455
2022-06-24,198,4.9223737373737375
2022-06-25,320,4.44775
2022-06-26,227,4.505242290748899
2022-06-27,195,4.360974358974359
2022-06-28,11,3.066363636363636
2022-06-29,73,3.618630136986302
2022-06-30,8,2.63375
2022-07-01,20,1.296
2022-07-02,5,2.8240000000000003
2022-07-03,24,2.392916666666667
2022-07-04,59,1.9135593220338982
2022-07-05,73,3.309041095890411
2022-07-06,63,3.0036507936507935
2022-07-07,46,2.891086956521739
2022-07-08,58,3.798275862068966
2022-07-09,69,2.3615942028985506
2022-07-10,78,2.612307692307692
2022-07-11,75,4.863333333333333
2022-07-12,102,2.5537254901960784
2022-07-13,53,5.046792452830189
2022-07-14,59,2.4459322033898308
2022-07-15,31,3.0309677419354837
2022-07-16,44,4.586818181818182
2022-07-17,76,3.1539473684210524
2022-07-18,75,2.7102666666666666
2022-07-19,29,3.6448275862068966
2022-07-20,1,0.78
2022-07-21,5,1.636
2022-07-22,2,2.825
2022-07-23,4,3.1225
2022-07-24,5,1.424
2022-07-25,4,1.8275
2022-07-26,9,3.6999999999999997
2022-07-27,3,2.4433333333333334
2022-07-28,5,1.7560000000000002
2022-07-30,1,0.77
2022-07-31,2,0.845
2022-08-01,8,1.3525
2022-08-02,1,2.4
2022-08-04,1,3.39
2022-08-05,5,1.502
2022-08-06,4,1.2225
2022-08-07,7,1.6857142857142857
2022-08-08,10,0.756
2022-08-09,16,1.775
2022-08-11,5,2.0759999999999996
2022-08-12,18,1.911111111111111
2022-08-13,5,4.970000000000001
2022-08-14,4,6.092499999999999
2022-08-15,9,1.8644444444444446
2022-08-16,39,1.577948717948718
2022-08-17,49,1.6510204081632653
2022-08-18,21,1.3014285714285716
2022-08-19,1,0.59
2022-08-20,3,2.7433333333333336
2022-08-21,17,1.4111764705882353
2022-08-22,25,2.0408
2022-08-23,8,0.81875
2022-08-24,4,1.6400000000000001
2022-08-25,22,1.8681818181818182
2022-08-26,24,1.54875
2022-08-27,19,3.096842105263158
2022-08-28,9,2.0044444444444443
2022-08-29,41,3.4751219512195117
2022-08-30,22,2.2677272727272726
2022-08-31,5,0.9800000000000001
2022-09-01,5,1.748
2022-09-02,15,2.4246666666666665
2022-09-03,17,2.2235294117647055
2022-09-04,25,2.9452
2022-09-05,22,1.4877272727272726
2022-09-06,24,1.9974999999999998
2022-09-07,29,2.616551724137931
2022-09-08,27,2.068888888888889
2022-09-09,22,2.515909090909091
2022-09-10,46,2.165
2022-09-11,17,2.166470588235294
2022-09-12,16,3.538125
2022-09-13,11,4.14
2022-09-14,2,1.48
2022-09-15,8,8.375
2022-09-16,12,1.6066666666666667
2022-09-17,18,2.0088888888888885
2022-09-18,34,2.6376470588235295
2022-09-19,18,3.3105555555555557
2022-09-20,10,1.8670000000000002
2022-09-21,13,3.1438461538461544
2022-09-22,21,3.8600000000000003
2022-09-23,7,1.2142857142857142
2022-09-24,9,1.0522222222222222
2022-09-25,22,1.2413636363636362
2022-09-26,25,6.694400000000001
2022-09-27,54,1.8453703703703705
2022-09-28,37,1.151891891891892
2022-09-29,49,1.8736734693877553
2022-09-30,59,3.657627118644068
2022-10-01,72,2.8725
2022-10-02,162,3.5408024691358024
2022-10-03,161,4.1690062111801245
2022-10-04,213,4.209154929577465
2022-10-05,233,3.6803862660944207
2022-10-06,152,4.402171052631579
2022-10-07,61,3.6811475409836065
2022-10-08,48,2.8956250000000003
2022-10-09,50,4.295999999999999
2022-10-10,26,3.3257692307692306
2022-10-11,67,3.245373134328358
2022-10-12,150,3.7840000000000003
2022-10-13,257,4.228599221789883
2022-10-14,229,5.038820960698691
2022-10-15,541,4.216432532347505
2022-10-16,659,5.184446130500759
2022-10-17,590,5.283728813559322
2022-10-18,832,4.644302884615384
2022-10-19,827,5.460640870616687
2022-10-20,732,4.5774316939890705
2022-10-21,1013,4.721510365251728
2022-10-22,1234,5.671012965964343
2022-10-23,2055,5.204676399026765
2022-10-24,2586,6.28245939675174
2022-10-25,2347,6.541384746484874
2022-10-26,2285,5.281759299781181
2022-10-27,2406,6.032697423108894
2022-10-28,3184,6.024274497487437
2022-10-29,4276,6.200701590271282
2022-10-30,4598,7.280193562418443
2022-10-31,4728,6.095262267343486
2022-11-01,4587,7.663091345105733
2022-11-02,4844,7.127751857968621
2022-11-03,5781,6.616927867151012
2022-11-04,5392,6.658948442136499
2022-11-05,7831,6.328542970246456
2022-11-06,3058,5.745284499672989
2022-11-07,3459,7.405782017924255
2022-11-08,1567,5.446126356094448
2022-11-09,3122,7.279090326713645
2022-11-10,5109,6.613292229399099
2022-11-11,6919,6.2843185431420725
2022-11-12,5039,6.792661242309983
2022-11-13,4206,6.447898240608654
2022-11-14,1040,4.18064423076923
2022-11-15,1494,5.252108433734939
2022-11-16,2907,5.297695218438252
2022-11-17,2617,6.260160489109667
2022-11-18,1830,5.394524590163934
2022-11-19,1892,5.0747145877378435
2022-11-20,1553,4.773560849967804
2022-11-21,1100,4.303490909090909
2022-11-22,1315,4.19654752851711
2022-11-23,998,4.587735470941884
2022-11-24,1003,4.375523429710867
2022-11-25,958,3.950240083507307
2022-11-26,808,4.455767326732673
2022-11-27,901,3.7987569367369587
2022-11-28,736,4.006752717391305
2022-11-29,648,4.67179012345679
2022-11-30,748,4.07533422459893
2022-12-01,844,3.7129857819905214
2022-12-02,661,3.9563842662632376
2022-12-03,840,3.4683690476190474
2022-12-04,854,3.973969555035129
2022-12-05,818,3.889987775061125
2022-12-06,895,3.7982011173184356
2022-12-07,649,4.30055469953775
2022-12-08,813,3.6187822878228784
2022-12-09,779,3.6896405648267008
2022-12-10,579,3.8233678756476683
2022-12-11,1001,3.4673026973026975
2022-12-12,779,4.795686777920411
2022-12-13,789,4.071723700887199
2022-12-14,891,4.381492704826038
2022-12-15,735,4.381074829931973
2022-12-16,907,4.301885336273429
2022-12-17,871,3.9388404133180255
2022-12-18,729,4.783511659807956
2022-12-19,657,4.085129375951293
2022-12-20,395,4.771367088607595
2022-12-21,464,4.961659482758621
2022-12-22,589,4.039100169779287
2022-12-23,430,4.171
2022-12-24,421,3.67916864608076
2022-12-25,287,4.83404181184669
2022-12-26,268,4.420373134328359
2022-12-27,384,4.836302083333334
2022-12-28,286,7.25513986013986
2022-12-29,198,4.380050505050505
2022-12-30,235,5.5676595744680855
2022-12-31,212,5.052405660377358
2023-01-01,56,5.48375
2023-01-02,169,4.807751479289941
2023-01-03,90,10.390777777777778
2023-01-04,169,6.644674556213018
2023-01-05,219,5.164840182648401
2023-01-06,234,3.999102564102564
2023-01-07,555,5.394414414414414
2023-01-08,391,5.273989769820973
2023-01-09,223,5.036322869955156
2023-01-10,321,6.981526479750779
2023-01-11,166,4.95
2023-01-12,311,4.5724437299035365
2023-01-13,138,5.167681159420289
2023-01-14,232,5.13176724137931
2023-01-15,274,4.945985401459854
2023-01-16,270,4.955518518518518
2023-01-17,372,4.477231182795699
2023-01-18,325,4.372276923076923
2023-01-19,276,4.062282608695653
2023-01-20,274,4.347189781021898
2023-01-21,329,4.640942249240121
2023-01-22,410,4.032829268292683
2023-01-23,458,5.114017467248908
2023-01-24,112,4.879017857142857
2023-01-25,82,2.395487804878049
2023-01-26,134,2.9773134328358206
2023-01-27,281,4.068007117437722
2023-01-28,423,4.434917257683215
2023-01-29,252,5.882301587301587
2023-01-30,114,4.123947368421053
2023-01-31,410,5.385512195121951
2023-02-01,244,4.574262295081967
2023-02-02,496,5.206350806451613
2023-02-03,369,4.192330623306233
2023-02-04,459,4.023311546840959
2023-02-05,394,3.44766497461929
2023-02-06,384,4.911015625
2023-02-07,509,4.4473477406679764
2023-02-08,544,4.971599264705882
2023-02-09,382,3.8691623036649214
2023-02-10,419,4.774749403341288
2023-02-11,430,4.92746511627907
2023-02-12,749,7.992803738317757
2023-02-13,865,5.675595375722544
2023-02-14,505,5.909128712871287
2023-02-15,563,4.587051509769093
2023-02-16,435,4.666091954022988
2023-02-17,266,3.4565413533834586
2023-02-18,553,4.290506329113924
2023-02-19,392,4.474872448979592
2023-02-20,317,4.332302839116719
2023-02-21,423,4.247210401891253
2023-02-22,283,4.1903180212014135
2023-02-23,521,6.00915547024952
2023-02-24,535,4.885364485981309
2023-02-25,440,3.9803409090909088
2023-02-26,463,4.212764578833693
2023-02-27,412,4.11252427184466
2023-02-28,381,5.088503937007874
2023-03-01,414,4.317512077294686
2023-03-02,516,4.253953488372093
2023-03-03,759,4.469486166007905
2023-03-04,625,4.670064
2023-03-05,572,3.938426573426574
2023-03-06,933,3.8838906752411577
2023-03-07,732,4.173073770491803
2023-03-08,309,3.8372168284789647
2023-03-09,532,3.6532142857142857
2023-03-10,689,3.7524673439767775
2023-03-11,788,4.536586294416243
2023-03-12,751,4.226431424766978
2023-03-13,700,5.398128571428572
2023-03-14,815,4.482613496932515
2023-03-15,775,5.84123870967742
2023-03-16,179,4.902458100558659
2023-03-17,136,5.183529411764706
2023-03-18,107,4.191682242990654
2023-03-19,118,3.6108474576271186
2023-03-20,21,2.532857142857143
2023-03-21,59,2.179152542372881
2023-03-22,159,2.822075471698113
2023-03-23,218,3.718302752293578
2023-03-24,181,4.167955801104973
2023-03-25,228,4.572850877192983
2023-03-26,382,4.815183246073299
2023-03-27,559,3.746583184257603
2023-03-28,865,3.5273988439306354
2023-03-29,773,3.5312936610608023
2023-03-30,759,4.256534914361001
2023-03-31,121,3.14099173553719
2023-04-01,170,3.447764705882353
2023-04-02,389,4.772082262210796
2023-04-03,509,4.887897838899804
2023-04-04,599,4.6783472454090145
2023-04-05,892,3.79877802690583
2023-04-06,1408,4.447876420454545
2023-04-07,1519,4.196491112574062
2023-04-08,1303,4.115940138142747
2023-04-09,2139,4.310827489481066
2023-04-10,3030,4.62380198019802
2023-04-11,3680,5.012472826086957
2023-04-12,4756,4.882714465937762
2023-04-13,4832,5.068718956953642
2023-04-14,1985,3.8565188916876574
2023-04-15,2508,4.784808612440191
2023-04-16,5898,5.224723635130553
2023-04-17,7021,5.563414043583536
2023-04-18,8111,5.348608063124152
2023-04-19,7268,5.055503577325261
2023-04-20,4110,5.281180048661801
2023-04-21,3700,4.372927027027027
2023-04-22,4336,4.087405442804428
2023-04-23,2738,6.2596785975164355
2023-04-24,1397,6.90547602004295
2023-04-25,3310,4.547586102719033
2023-04-26,1201,4.941940049958369
2023-04-27,2831,4.492193571176263
2023-04-28,1442,5.229493758668516
2023-04-29,479,5.084091858037579
2023-04-30,367,4.598637602179837
2023-05-01,132,4.628636363636364
2023-05-02,261,6.850498084291188
2023-05-03,337,4.761394658753709
2023-05-04,1721,5.379360836722835
2023-05-05,4008,5.759743013972056
2023-05-06,3581,5.867341524713767
2023-05-07,4285,6.366952158693115
2023-05-08,4484,5.179817127564674
2023-05-09,4459,5.869033415564028
2023-05-10,4628,7.0486905790838374
2023-05-11,4601,6.290484677244078
2023-05-12,4125,6.46324606060606
2023-05-13,5705,5.748161262050833
2023-05-14,3486,4.863881239242685
2023-05-15,2833,6.166350158842217
2023-05-16,2866,5.4208199581297976
2023-05-17,2108,5.451655597722961
2023-05-18,1177,4.651818181818181
2023-05-19,2178,4.754788797061525
2023-05-20,2002,6.648406593406594
2023-05-21,2000,7.0086450000000005
2023-05-22,1262,5.689302694136291
2023-05-23,579,6.270483592400691
2023-05-24,571,7.3584588441331
2023-05-25,232,4.6642241379310345
2023-05-26,194,4.600206185567011
2023-05-27,202,3.975346534653465
2023-05-28,146,4.2413698630136984
2023-05-29,178,5.211011235955056
2023-05-30,244,6.313237704918033
2023-05-31,297,3.682558922558923
2023-06-01,393,5.299847328244275
2023-06-02,704,4.407911931818182
2023-06-03,764,4.87041884816754
2023-06-04,480,5.8313125
2023-06-05,338,4.326863905325443
2023-06-06,493,4.435659229208925
2023-06-07,849,3.7570553592461717
2023-06-08,946,4.406268498942917
2023-06-09,1024,4.3416015625
2023-06-10,853,4.384407971864009
2023-06-11,570,4.438245614035088
2023-06-12,465,4.811741935483871
2023-06-13,507,4.954556213017751
2023-06-14,611,3.8854664484451717
2023-06-15,685,3.9674598540145984
2023-06-16,585,5.536957264957265
2023-06-17,364,6.50478021978022
2023-06-18,212,5.285330188679246
2023-06-19,312,7.102948717948718
2023-06-20,178,5.94814606741573
2023-06-21,150,5.006066666666666
2023-06-22,141,5.443475177304965
2023-06-23,44,3.994545454545454
2023-06-24,75,5.1416
2023-06-25,39,4.470000000000001
2023-06-26,31,2.290967741935484
2023-06-27,50,6.3104
2023-06-28,25,4.0508
2023-06-29,48,5.41375
2023-06-30,66,5.6396969696969705
2023-07-01,21,4.41952380952381
2023-07-02,124,4.751370967741935
2023-07-03,154,4.483961038961039
2023-07-04,31,5.605806451612903
2023-07-05,30,13.398333333333335
2023-07-06,13,5.7907692307692304
2023-07-07,17,1.6441176470588235
2023-07-08,11,1.5854545454545452
2023-07-09,17,4.78764705882353
2023-07-10,27,1.9077777777777778
2023-07-11,26,2.9415384615384617
2023-07-12,30,3.105
2023-07-13,31,3.753225806451613
2023-07-14,13,2.707692307692308
2023-07-15,22,5.013181818181818
2023-07-16,21,85.26809523809523
2023-07-17,34,2.658529411764706
2023-07-18,31,2.7780645161290325
2023-07-19,12,2.0366666666666666
2023-07-20,22,3.1236363636363635
2023-07-21,14,2.529285714285714
2023-07-22,10,3.08
2023-07-23,37,2.1256756756756756
2023-07-24,39,3.161025641025641
2023-07-25,23,1.3265217391304347
2023-07-26,14,1.685
2023-07-27,14,3.1464285714285714
2023-07-28,26,2.2884615384615383
2023-07-29,8,1.7887499999999998
2023-07-30,24,1.5075
2023-07-31,11,2.7936363636363635
2023-08-01,23,3.212173913043478
2023-08-02,10,4.51
2023-08-03,18,1.931111111111111
2023-08-04,3,1.1533333333333333
2023-08-05,2,1.01
2023-08-06,5,1.1960000000000002
2023-08-07,6,1.2283333333333333
2023-08-08,21,3.7866666666666666
2023-08-09,24,2.4379166666666667
2023-08-10,12,1.7725
2023-08-11,16,1.2925
2023-08-12,10,1.282
2023-08-13,3,3.9033333333333338
2023-08-14,13,1.7038461538461538
2023-08-15,22,1.918181818181818
2023-08-16,18,1.9027777777777777
2023-08-17,16,2.94375
2023-08-18,12,2.518333333333333
2023-08-19,19,1.2942105263157895
2023-08-20,14,1.9742857142857144
2023-08-21,2,1.505
2023-08-22,3,2.876666666666667
2023-08-24,5,4.122
2023-08-25,23,1.7030434782608697
2023-08-26,26,1.218846153846154
2023-08-27,19,1.42
2023-08-28,30,1.3093333333333335
2023-08-29,29,1.6389655172413793
2023-08-30,36,3.405
2023-08-31,23,1.5291304347826087
2023-09-01,27,1.3622222222222222
2023-09-02,39,2.382820512820513
2023-09-03,23,2.09695652173913
2023-09-04,26,2.613076923076923
2023-09-05,30,2.6806666666666668
2023-09-06,14,3.14
2023-09-07,19,3.1631578947368424
2023-09-08,36,3.1302777777777777
2023-09-09,14,4.665
2023-09-10,8,1.99375
2023-09-11,27,1.66
2023-09-12,18,3.7411111111111115
2023-09-13,21,2.8857142857142857
2023-09-14,12,1.9925
2023-09-15,10,2.175
2023-09-16,13,2.1107692307692307
2023-09-17,19,1.8057894736842106
2023-09-18,12,1.6491666666666667
2023-09-19,21,1.9666666666666668
2023-09-20,20,1.7899999999999998
2023-09-21,24,2.39625
2023-09-22,26,1.9792307692307693
2023-09-23,26,1.9007692307692308
2023-09-24,24,1.5337500000000002
2023-09-25,36,1.8094444444444444
2023-09-26,49,2.440204081632653
2023-09-27,130,3.3180769230769234
2023-09-28,76,3.0185526315789475
2023-09-29,109,2.8686238532110093
2023-09-30,136,3.4641176470588237
2023-10-01,76,4.185657894736842
2023-10-02,314,3.632738853503185
2023-10-03,232,5.216120689655173
2023-10-04,262,4.695877862595419
2023-10-05,306,3.915032679738562
2023-10-06,337,4.3041246290801185
2023-10-07,318,3.7154716981132077
2023-10-08,509,4.266247544204322
2023-10-09,301,4.955116279069768
2023-10-10,340,3.8489411764705883
2023-10-11,453,4.136997792494481
2023-10-12,567,4.195731922398589
2023-10-13,697,4.094648493543759
2023-10-14,612,4.37781045751634
2023-10-15,618,4.201100323624596
2023-10-16,246,3.9963821138211384
2023-10-17,187,3.8252406417112303
2023-10-18,329,3.7582370820668696
2023-10-19,621,4.553333333333333
2023-10-20,798,4.0897117794486215
2023-10-21,1012,3.962430830039526
2023-10-22,841,4.422128418549346
2023-10-23,976,4.224846311475409
2023-10-24,1539,4.576842105263158
2023-10-25,1166,5.408370497427101
2023-10-26,2001,5.1022088955522245
2023-10-27,1762,5.973076049943246
2023-10-28,1413,5.568372257607926
2023-10-29,3092,5.291009055627425
2023-10-30,2266,5.737519858781995
2023-10-31,2843,5.561097432289835
2023-11-01,3569,5.8851190809750635
2023-11-02,2162,6.9200555041628125
2023-11-03,3545,5.802019746121298
2023-11-04,3232,6.8887004950495045
2023-11-05,5947,6.931035816378007
2023-11-06,4130,5.510322033898305
2023-11-07,4638,6.211664510564899
2023-11-08,3986,6.004616156547918
2023-11-09,2356,5.714342105263158
2023-11-10,605,4.585586776859505
2023-11-11,755,4.045165562913907
2023-11-12,2972,6.381465176936134
2023-11-13,3471,6.098766925957937
2023-11-14,3593,5.9633259114945725
2023-11-15,3507,6.274741944682065
2023-11-16,2930,5.904197952218429
2023-11-17,2382,6.096003358522251
2023-11-18,1837,6.166973326075122
2023-11-19,2046,5.397326490713588
2023-11-20,1453,5.323716448726772
2023-11-21,1588,5.235396725440806
2023-11-22,1438,4.6266620305980535
2023-11-23,840,3.7794880952380954
2023-11-24,1167,4.293778920308483
2023-11-25,997,3.401123370110331
2023-11-26,583,3.4415608919382503
2023-11-27,53,1.7250943396226415
2023-11-28,287,2.2005923344947735
2023-11-29,567,4.0395061728395065
2023-11-30,132,2.9554545454545456
2023-12-01,341,3.179824046920821
2023-12-02,405,3.6461234567901237
2023-12-03,673,4.424353640416048
2023-12-04,405,3.7334074074074075
2023-12-05,240,2.8300833333333335
2023-12-06,300,3.1052000000000004
2023-12-07,225,3.307733333333333
2023-12-08,423,3.3852009456264778
2023-12-09,420,3.645452380952381
2023-12-10,514,3.3979571984435797
2023-12-11,720,3.427236111111111
2023-12-12,728,3.4491071428571427
2023-12-13,871,3.7951205510907005
2023-12-14,583,3.430240137221269
2023-12-15,786,3.503956743002545
2023-12-16,986,3.6373022312373227
2023-12-17,1092,3.5393956043956045
2023-12-18,679,3.596701030927835
2023-12-19,752,3.681130319148936
2023-12-20,621,3.262962962962963
2023-12-21,797,3.7627352572145547
2023-12-22,467,3.1383940042826555
2023-12-23,612,3.130343137254902
2023-12-24,689,3.364455732946299
2023-12-25,691,3.570318379160637
2023-12-26,339,3.4717994100294987
2023-12-27,451,3.4710643015521065
2023-12-28,263,3.301977186311787
2023-12-29,182,4.554725274725275
2023-12-30,104,7.482019230769231
2023-12-31,246,3.542845528455284
2024-01-01,305,3.409901639344262
2024-01-02,296,3.785304054054054
2024-01-03,254,4.167913385826772
2024-01-04,203,5.268325123152709
2024-01-05,238,4.33890756302521
2024-01-06,267,5.11498127340824
2024-01-07,375,4.936826666666667
2024-01-08,278,4.202374100719425
2024-01-09,269,4.112230483271376
2024-01-10,495,4.32169696969697
2024-01-11,574,3.562717770034843
2024-01-12,676,4.255887573964497
2024-01-13,481,2.638648648648649
2024-01-14,529,4.662665406427221
2024-01-15,278,5.959676258992806
2024-01-16,186,3.873010752688172
2024-01-17,243,4.881028806584362
2024-01-18,237,4.225105485232068
2024-01-19,250,3.06424
2024-01-20,316,3.783259493670886
2024-01-21,270,3.79
2024-01-22,363,4.682782369146005
2024-01-23,487,4.388357289527721
2024-01-24,532,3.365375939849624
2024-01-25,447,4.603982102908278
2024-01-26,465,3.6324301075268814
2024-01-27,651,5.338771121351766
2024-01-28,264,2.8684090909090907
2024-01-29,725,4.045034482758621
2024-01-30,472,4.337245762711865
2024-01-31,193,5.804715025906735
2024-02-01,186,4.568817204301075
2024-02-02,500,6.198840000000001
2024-02-03,692,5.342976878612717
2024-02-04,37,3.2343243243243243
2024-02-05,92,4.06
2024-02-06,156,3.104679487179487
2024-02-07,386,5.025854922279793
2024-02-08,725,5.230510344827586
2024-02-09,810,4.261493827160494
2024-02-10,981,3.7920489296636086
2024-02-11,1035,4.707227053140096
2024-02-12,405,7.103506172839507
2024-02-13,135,3.4962962962962965
2024-02-14,576,4.535052083333333
2024-02-15,694,4.404538904899136
2024-02-16,867,5.078512110726643
2024-02-17,695,6.333079136690647
2024-02-18,445,4.797123595505617
2024-02-19,562,5.265177935943061
2024-02-20,415,5.207879518072289
2024-02-21,302,4.3511920529801325
2024-02-22,457,4.227789934354486
2024-02-23,670,6.147462686567165
2024-02-24,707,4.635403111739746
2024-02-25,945,6.48421164021164
2024-02-26,233,4.528798283261803
2024-02-27,135,3.395703703703704
2024-02-28,600,6.854583333333333
2024-02-29,596,5.4325335570469795
2024-03-01,310,5.668096774193549
2024-03-02,37,4.041351351351351
2024-03-03,56,2.362142857142857
2024-03-04,128,2.298359375
2024-03-05,279,3.725806451612903
2024-03-06,304,5.5024671052631575
2024-03-07,614,4.8134690553745925
2024-03-08,709,5.3734132581100145
2024-03-09,708,6.14524011299435
2024-03-10,463,5.667580993520518
2024-03-11,604,4.596175496688742
2024-03-12,596,5.220520134228187
2024-03-13,618,4.133300970873787
2024-03-14,658,4.872325227963526
2024-03-15,823,5.938699878493317
2024-03-16,683,4.1149341142020495
2024-03-17,633,4.16781990521327
2024-03-18,1109,4.5210189359783595
2024-03-19,1072,5.291539179104477
2024-03-20,693,7.057748917748919
2024-03-21,415,6.550289156626506
2024-03-22,522,4.226609195402299
2024-03-23,899,6.3336818687430485
2024-03-24,1053,6.901329534662868
2024-03-25,1008,5.222628968253968
2024-03-26,637,5.539874411302983
2024-03-27,910,6.042714285714285
2024-03-28,952,4.821292016806723
2024-03-29,1043,5.750661553211889
2024-03-30,948,4.904272151898734
2024-03-31,1556,4.597647814910025
2024-04-01,2271,5.891580801409071
2024-04-02,2471,5.666928369081344
2024-04-03,2856,5.015906862745098
2024-04-04,3691,5.086551070170685
2024-04-05,5184,3.991510416666667
2024-04-06,4454,3.060240233497979
2024-04-07,7332,3.9778818876159305
2024-04-08,8155,4.137613733905579
2024-04-09,6601,2.9992698076049082
2024-04-10,6800,3.543883823529412
2024-04-11,5236,3.9905347593582885
2024-04-12,2671,3.8930438038187942
2024-04-13,3690,4.108663956639567
2024-04-14,3058,3.4770699803793326
2024-04-15,4041,5.382261816382084
2024-04-16,7756,6.907943527591542
2024-04-17,8745,5.4610405946255005
2024-04-18,10144,6.8656664037854895
2024-04-19,13688,6.588946522501461
2024-04-20,13875,5.971066666666667
2024-04-21,8431,5.357790297710829
2024-04-22,9129,5.093358527768649
2024-04-23,10750,4.95120465116279
2024-04-24,12077,6.48189699428666
2024-04-25,14479,6.377369293459493
2024-04-26,7669,7.258875994262616
2024-04-27,6868,3.844462725684333
2024-04-28,9705,5.10421123132406
2024-04-29,8181,5.216523652365236
2024-04-30,12151,5.717037280882232
2024-05-01,16561,5.354692349495803
2024-05-02,14002,4.899325096414798
2024-05-03,6508,7.763958205285801
2024-05-04,11646,5.375513481023527
2024-05-05,12533,6.025230990185909
2024-05-06,8331,7.2751542431880925
2024-05-07,5435,7.833670653173873
2024-05-08,4059,6.671032273959104
2024-05-09,4593,6.448131939908556
2024-05-10,4338,6.381399262332872
2024-05-11,2266,6.825079435127979
2024-05-12,3856,6.0302826763485475
2024-05-13,5348,7.616905385190726
2024-05-14,6841,7.902930858061686
2024-05-15,5525,7.432152036199095
2024-05-16,5430,8.341248618784531
2024-05-17,4468,7.668075201432408
2024-05-18,5161,7.225293547762061
2024-05-19,2463,7.382793341453512
2024-05-20,2218,7.585622182146078
2024-05-21,1986,7.625166163141994
2024-05-22,1725,6.4207768115942025
2024-05-23,1247,5.346463512429832
2024-05-24,1239,5.9375060532687645
2024-05-25,1573,6.853560076287349
2024-05-26,1438,7.860305980528512
2024-05-27,1655,7.73561329305136
2024-05-28,2054,8.085778967867574
2024-05-29,1844,8.38490780911063
2024-05-30,1466,6.251275579809005
2024-05-31,2149,6.1834853420195435
2024-06-01,870,7.864000000000001
2024-06-02,1189,5.613549201009252
2024-06-03,530,7.434377358490566
2024-06-04,1008,7.994404761904762
2024-06-05,554,6.619314079422383
2024-06-06,480,5.282333333333333
2024-06-07,544,5.973841911764706
2024-06-08,594,5.608484848484848
2024-06-09,1168,6.364803082191781
2024-06-10,1135,6.21809691629956
2024-06-11,1854,5.948764832793959
2024-06-12,2097,5.555665236051502
2024-06-13,2175,5.8837241379310345
2024-06-14,1790,5.871206703910614
2024-06-15,2012,6.348871769383698
2024-06-16,1780,6.457685393258427
2024-06-17,1443,5.714455994455994
2024-06-18,1130,6.493265486725664
2024-06-19,752,9.651117021276596
2024-06-20,172,5.847848837209303
2024-06-21,168,5.3999404761904755
2024-06-22,132,4.723484848484849
2024-06-23,447,5.790492170022371
2024-06-24,380,6.07321052631579
2024-06-25,310,6.35
2024-06-26,147,5.625850340136054
2024-06-27,23,2.856521739130435
2024-06-28,180,4.646944444444444
2024-06-29,131,5.357251908396946
2024-06-30,16,4.43625
2024-07-01,18,3.373333333333333
2024-07-02,33,3.393939393939394
2024-07-03,15,5.86
2024-07-04,7,2.0557142857142856
2024-07-05,4,2.33
2024-07-06,11,1.2027272727272729
2024-07-07,11,1.9772727272727273
2024-07-08,81,3.037777777777778
2024-07-09,97,3.207319587628866
2024-07-10,25,3.9676
2024-07-11,66,5.964393939393939
2024-07-12,6,1.6716666666666669
2024-07-13,6,3.9950000000000006
2024-07-14,42,6.237857142857143
2024-07-15,24,2.6079166666666667
2024-07-16,55,3.035090909090909
2024-07-17,56,2.930535714285714
2024-07-18,57,3.2440350877192983
2024-07-19,47,2.5953191489361704
2024-07-20,35,2.7182857142857144
2024-07-21,47,3.4378723404255314
2024-07-22,27,2.196296296296296
2024-07-23,9,2.1322222222222225
2024-07-24,4,3.5300000000000002
2024-07-25,11,3.2318181818181815
2024-07-26,5,1.4300000000000002
2024-07-27,7,4.911428571428571
2024-07-28,14,2.8757142857142854
2024-07-29,44,3.0654545454545454
2024-07-30,19,3.667894736842105
2024-07-31,7,1.8685714285714285
2024-08-01,1,2.36
2024-08-02,4,2.025
2024-08-03,5,2.502
2024-08-04,18,2.115
2024-08-05,14,2.0957142857142856
2024-08-06,2,4.96
2024-08-07,2,1.045
2024-08-09,8,2.3375
2024-08-10,4,3.325
2024-08-11,2,0.825
2024-08-12,7,1.9828571428571427
2024-08-13,7,1.577142857142857
2024-08-14,6,4.055
2024-08-15,6,1.0883333333333334
2024-08-16,11,1.54
2024-08-17,21,1.6923809523809523
2024-08-18,32,2.58875
2024-08-19,31,2.6716129032258067
2024-08-20,21,2.008095238095238
2024-08-21,26,1.4165384615384615
2024-08-22,1,5.73
2024-08-23,7,1.6528571428571428
2024-08-24,5,2.52
2024-08-25,32,2.2778125
2024-08-26,13,3.7146153846153847
2024-08-27,6,2.7916666666666665
2024-08-28,8,2.6100000000000003
2024-08-29,14,1.207857142857143
2024-08-30,47,2.291276595744681
2024-08-31,44,1.6231818181818183
2024-09-01,51,5.4592156862745105
2024-09-02,49,3.1930612244897962
2024-09-03,20,1.5755000000000001
2024-09-04,7,1.1871428571428573
2024-09-05,6,1.7249999999999999
2024-09-06,13,1.9346153846153844
2024-09-07,19,1.4378947368421053
2024-09-08,26,1.7296153846153846
2024-09-09,38,1.8705263157894736
2024-09-10,16,3.53625
2024-09-11,11,3.1609090909090907
2024-09-12,11,2.192727272727273
2024-09-13,30,2.505666666666667
2024-09-14,31,2.236774193548387
2024-09-15,18,2.6855555555555553
2024-09-16,41,2.5878048780487806
2024-09-17,28,6.7092857142857145
2024-09-18,40,1.8807500000000001
2024-09-19,39,1.1712820512820512
2024-09-20,62,3.7635483870967743
2024-09-21,92,2.777282608695652
2024-09-22,124,3.419516129032258
2024-09-23,86,4.011511627906977
2024-09-24,106,4.74811320754717
2024-09-25,106,5.124150943396226
2024-09-26,22,2.519090909090909
2024-09-27,22,2.2645454545454546
2024-09-28,20,1.8364999999999998
2024-09-29,41,2.56
2024-09-30,89,2.811123595505618
2024-10-01,124,3.6640322580645166
2024-10-02,153,3.539346405228758
2024-10-03,207,4.259178743961352
2024-10-04,167,4.219101796407186
2024-10-05,239,3.743723849372385
2024-10-06,307,3.2714332247557003
2024-10-07,306,3.390098039215686
2024-10-08,452,4.164955752212389
2024-10-09,320,4.1044687500000006
2024-10-10,314,4.446242038216561
2024-10-11,409,3.9513936430317846
2024-10-12,601,4.338003327787021
2024-10-13,509,4.107603143418467
2024-10-14,317,4.1997476340694
2024-10-15,483,4.43511387163561
2024-10-16,605,3.982396694214876
2024-10-17,727,4.349253169734151
2024-10-18,1042,4.3259021113243765
2024-10-19,926,3.7330345572354213
2024-10-20,913,4.503734939759036
2024-10-21,758,4.106675461741425
2024-10-22,1058,4.200378071833648
2024-10-23,1413,4.440077848549186
2024-10-24,1237,4.2391269199676636
2024-10-25,1106,4.998291139240506
2024-10-26,1170,4.771837606837607
2024-10-27,1454,4.761506189821183
2024-10-28,1313,4.324737242955065
2024-10-29,1588,5.007065491183879
2024-10-30,1770,4.804062146892655
2024-10-31,2050,5.744112195121951
2024-11-01,3154,5.569537095751427
2024-11-02,2645,5.730495274102079
2024-11-03,1336,5.719004491017964
2024-11-04,1673,5.7035385534967125
2024-11-05,1467,5.662883435582822
2024-11-06,1658,5.2125331724969834
2024-11-07,2659,5.1555622414441515
2024-11-08,3032,5.433802770448549
2024-11-09,3589,5.084062412928392
2024-11-10,2746,5.46589584850692
2024-11-11,2731,5.766671548883193
2024-11-12,2730,5.206315018315018
2024-11-13,3865,5.279666235446313
2024-11-14,2648,5.375759063444109
2024-11-15,2878,4.847550382209868
2024-11-16,2214,5.603319783197832
2024-11-17,3376,5.073492298578199
2024-11-18,4042,4.99953488372093
2024-11-19,3629,4.585232846514192
2024-11-20,2949,4.226303831807392
2024-11-21,2448,4.4005800653594775
2024-11-22,1972,4.565461460446247
2024-11-23,2577,4.9047341870391925
2024-11-24,3130,4.038277955271566
2024-11-25,2235,3.9620581655480986
2024-11-26,1979,3.9564375947448207
2024-11-27,1266,4.1980726698262245
2024-11-28,1666,4.189813925570228
2024-11-29,1751,3.8172701313535122
2024-11-30,1895,3.9632084432717676
2024-12-01,1475,3.815776271186441
2024-12-02,1145,3.8474323144104807
2024-12-03,1204,4.221752491694352
2024-12-04,1384,4.1180997109826585
2024-12-05,1586,4.4301134930643125
2024-12-06,1622,4.380320591861899
2024-12-07,1792,4.186043526785714
2024-12-08,1218,4.7019129720853865
2024-12-09,1165,3.947244635193133
2024-12-10,1369,3.7560774287801313
2024-12-11,1786,4.004367301231803
2024-12-12,1690,4.390627218934911
2024-12-13,1159,4.702389991371872
2024-12-14,1497,5.033406813627255
2024-12-15,1700,4.059988235294118
2024-12-16,1455,3.8395876288659796
2024-12-17,1240,3.690185483870968
2024-12-18,1092,4.235604395604395
2024-12-19,901,4.54607103218646
2024-12-20,1107,3.929304426377597
2024-12-21,1174,4.018594548551959
2024-12-22,1270,3.7982204724409447
2024-12-23,519,3.7591329479768785
2024-12-24,288,3.379201388888889
2024-12-25,547,3.2919195612431444
2024-12-26,758,3.695738786279683
2024-12-27,344,3.9306104651162785
2024-12-28,88,2.2298863636363637
2024-12-29,197,3.303299492385787
2024-12-30,92,6.023913043478261
2024-12-31,100,2.5742000000000003
2025-01-01,228,3.25140350877193
2025-01-02,260,3.3901153846153846
2025-01-03,350,3.867142857142857
2025-01-04,401,4.55573566084788
2025-01-05,268,3.212985074626866
2025-01-06,273,5.305054945054945
2025-01-07,121,4.965867768595041
2025-01-08,310,3.902967741935484
2025-01-09,419,3.83109785202864
2025-01-10,520,5.567423076923077
2025-01-11,460,6.036608695652174
2025-01-12,114,2.0823684210526316
2025-01-13,307,4.254267100977199
2025-01-14,184,3.475380434782609
2025-01-15,77,5.303376623376623
2025-01-16,108,3.050925925925926
2025-01-17,344,3.3505232558139535
2025-01-18,344,4.142267441860465
2025-01-19,590,3.3926949152542374
2025-01-20,602,4.045016611295681
2025-01-21,558,3.8718817204301073
2025-01-22,630,4.015698412698413
2025-01-23,403,4.036277915632755
2025-01-24,618,4.601812297734628
2025-01-25,830,4.259506024096385
2025-01-26,956,3.734257322175732
2025-01-27,984,3.8546646341463413
2025-01-28,890,3.8100224719101123
2025-01-29,586,3.6136860068259384
2025-01-30,735,4.4629251700680275
2025-01-31,956,6.137635983263598
2025-02-01,1046,4.4869311663479925
2025-02-02,1138,5.390887521968366
2025-02-03,1125,5.850666666666666
2025-02-04,275,3.920327272727272
2025-02-05,651,4.664224270353302
2025-02-06,865,5.588635838150289
2025-02-07,877,4.876374002280501
2025-02-08,970,4.81
2025-02-09,1108,5.160929602888087
2025-02-10,570,4.19040350877193
2025-02-11,864,5.853541666666667
2025-02-12,867,4.534094579008074
2025-02-13,1008,4.534196428571429
2025-02-14,1004,6.0725
2025-02-15,552,5.534855072463768
2025-02-16,564,4.289113475177305
2025-02-17,669,4.507354260089686
2025-02-18,672,4.434479166666667
2025-02-19,408,4.538235294117647
2025-02-20,265,3.1839622641509435
2025-02-21,454,5.936057268722466
2025-02-22,601,5.31332778702163
2025-02-23,644,4.368105590062112
2025-02-24,590,3.8581525423728813
2025-02-25,401,4.716708229426434
2025-02-26,282,4.053581560283687
2025-02-27,186,5.153655913978495
2025-02-28,187,4.589679144385027
2025-03-01,355,3.869774647887324
2025-03-02,571,5.5498949211908934
2025-03-03,480,4.585020833333333
2025-03-04,814,5.840749385749386
2025-03-05,1075,5.928372093023256
2025-03-06,1211,6.258546655656483
2025-03-07,915,6.902251366120219
2025-03-08,753,5.583652058432935
2025-03-09,785,5.746509554140128
2025-03-10,951,5.578117770767613
2025-03-11,862,9.113561484918794
2025-03-12,1111,5.3747884788478855
2025-03-13,1549,5.978676565526145
2025-03-14,1191,5.592989084802687
2025-03-15,1312,7.438871951219512
2025-03-16,868,4.780334101382488
2025-03-17,1124,4.010658362989323
2025-03-18,2240,4.949477678571428
2025-03-19,1630,4.892760736196319
2025-03-20,730,5.504890410958905
2025-03-21,1027,4.572112950340799
2025-03-22,1132,5.569840989399293
2025-03-23,1362,5.081497797356828
2025-03-24,1729,5.73176980913823
2025-03-25,2480,7.334209677419355
2025-03-26,3778,6.503059820010588
2025-03-27,5929,6.531497723056165
2025-03-28,6225,4.281975903614458
2025-03-29,6605,5.192581377744133
2025-03-30,6113,5.248081138557174
2025-03-31,7471,5.1685744880203455
2025-04-01,6744,5.568988730723606
2025-04-02,4138,3.4970807153214114
2025-04-03,4499,3.64174483218493
2025-04-04,6554,6.339589563625267
2025-04-05,7910,5.7157471554993675
2025-04-06,8475,5.302197050147493
2025-04-07,6376,7.30603670012547
2025-04-08,5413,7.933101791982264
2025-04-09,2524,7.570851822503963
2025-04-10,1886,7.531728525980912
2025-04-11,2466,8.51361313868613
2025-04-12,2103,6.182039942938659
2025-04-13,1379,6.329158810732415
2025-04-14,2902,6.297808407994487
2025-04-15,3686,6.866991318502442
2025-04-16,3669,6.82005723630417
2025-04-17,3448,7.217587006960557
2025-04-18,4041,7.112410294481564
2025-04-19,4785,7.236819226750261
2025-04-20,5840,8.081253424657534
2025-04-21,7215,7.681028413028414
2025-04-22,12573,5.801647975821203
2025-04-23,15171,8.248255223782216
2025-04-24,14364,8.979406154274576
2025-04-25,13364,8.821004190362167
2025-04-26,10067,6.679220224495878
2025-04-27,5564,6.6824658519051034
2025-04-28,4858,7.008569370111156
2025-04-29,3988,6.216231193580743
2025-04-30,4511,5.879487918421636
2025-05-01,4774,5.885787599497277
2025-05-02,3109,5.1548440012865875
2025-05-03,3617,6.40064694498203
2025-05-04,4230,6.189690307328605
2025-05-05,1143,5.700332458442695
2025-05-06,2163,5.5668747110494685
2025-05-07,3445,6.794615384615385
2025-05-08,3183,6.1990951932139495
2025-05-09,3775,6.672039735099338
2025-05-10,4237,6.765418928487137
2025-05-11,6070,6.817339373970346
2025-05-12,6177,5.982504451999352
2025-05-13,6295,6.895882446386021
2025-05-14,7085,7.790743824982357
2025-05-15,5982,6.987627883650952
2025-05-16,5702,7.625922483339179
2025-05-17,4350,7.488940229885057
2025-05-18,3361,7.578571853614996
2025-05-19,1800,7.555816666666666
2025-05-20,2044,7.300885518590998
2025-05-21,1277,7.429718089271731
2025-05-22,767,6.022685788787483
2025-05-23,1003,5.958793619142573
2025-05-24,871,6.235648679678531
2025-05-25,549,5.379617486338797
2025-05-26,554,5.871750902527076
2025-05-27,511,6.256320939334638
2025-05-28,434,5.893018433179724
2025-05-29,334,7.438143712574851
2025-05-30,262,6.3025572519083966
2025-05-31,366,5.397459016393443
2025-06-01,365,5.219095890410959
2025-06-02,335,5.903014925373134
2025-06-03,105,4.336285714285714
2025-06-04,255,4.6276078431372545
2025-06-05,331,5.349214501510573
2025-06-06,366,4.989699453551912
2025-06-07,401,7.198952618453866
2025-06-08,410,5.682365853658537
2025-06-09,477,7.827044025157233
2025-06-10,502,6.790557768924303
2025-06-11,395,6.455924050632912
2025-06-12,447,5.735592841163311
2025-06-13,397,6.3262972292191435
2025-06-14,467,5.985662355531096
2025-06-15,151,4.927417218543046
2025-06-16,49,8.225102040816328
2025-06-17,30,7.013999999999999
2025-06-18,155,4.890064516129033
2025-06-19,149,4.959798657718121
2025-06-20,58,5.287413793103449
2025-06-21,96,4.921458333333333
2025-06-22,24,2.527083333333333
2025-06-23,63,4.624285714285714
2025-06-24,28,4.281071428571429
2025-06-25,32,3.35125
2025-06-26,32,4.8746875
2025-06-27,74,5.271756756756757
2025-06-28,36,5.382222222222222
2025-06-29,2,6.26
2025-06-30,15,5.495333333333333
2025-07-01,23,2.0704347826086957
2025-07-02,30,31.071
2025-07-03,16,4.1156250000000005
2025-07-04,25,4.2736
2025-07-05,16,4.49125
2025-07-06,40,4.271
2025-07-07,25,2.8524000000000003
2025-07-08,57,19.629122807017545
2025-07-09,8,1.415
2025-07-10,1,3.57
2025-07-11,12,4.014166666666667
2025-07-12,4,4.8325000000000005
2025-07-13,12,4.91
2025-07-14,5,1.6079999999999999
2025-07-15,4,0.7150000000000001
2025-07-16,4,3.125
2025-07-17,4,9.034999999999998
2025-07-18,22,1.8795454545454546
2025-07-19,29,1.747241379310345
2025-07-20,14,1.6942857142857142
2025-07-21,9,1.66
2025-07-22,12,4.691666666666666
2025-07-23,9,2.9788888888888887
2025-07-24,13,3.088461538461538
2025-07-25,4,5.077500000000001
2025-07-26,7,2.4771428571428573
2025-07-27,6,1.3083333333333333
2025-07-28,6,1.4083333333333334
2025-07-29,4,2.1
2025-07-30,1,3.66
2025-07-31,1,2.33
2025-08-01,9,10.057777777777778
2025-08-02,6,1.9766666666666666
2025-08-03,2,1.0
2025-08-04,5,1.408
2025-08-05,19,1.3526315789473684
2025-08-06,17,1.47
2025-08-07,19,1.2689473684210526
2025-08-08,3,2.4166666666666665
2025-08-09,4,1.5750000000000002
2025-08-10,12,1.7866666666666668
2025-08-11,7,0.8228571428571428
2025-08-12,2,0.8300000000000001
2025-08-13,2,1.375
2025-08-14,10,1.78
2025-08-15,25,2.5244
2025-08-16,40,2.02075
2025-08-17,20,1.748
2025-08-18,23,2.3978260869565218
2025-08-19,14,2.060714285714286
2025-08-20,17,2.834705882352941
2025-08-21,26,1.610769230769231
2025-08-22,3,1.75
2025-08-23,5,2.216
2025-08-24,1,0.53
2025-08-25,4,2.07
2025-08-26,10,1.1949999999999998
2025-08-27,13,1.8984615384615384
2025-08-28,26,2.88
2025-08-29,20,1.384
2025-08-30,18,2.1483333333333334
2025-08-31,6,1.985
2025-09-01,6,2.138333333333333
2025-09-02,3,0.9933333333333335
2025-09-03,10,1.387
2025-09-04,11,1.6227272727272728
2025-09-05,22,1.419090909090909
2025-09-06,25,2.0364
2025-09-07,42,1.5085714285714285
2025-09-08,35,1.3094285714285714
2025-09-09,14,1.3671428571428572
2025-09-10,24,1.52375
2025-09-11,22,1.9677272727272728
2025-09-12,23,1.7186956521739132
2025-09-13,24,2.3816666666666664
2025-09-14,31,2.0383870967741933
2025-09-15,23,3.5169565217391305
2025-09-16,36,3.1805555555555554
2025-09-17,29,4.053793103448276
2025-09-18,28,3.0685714285714285
2025-09-19,30,1.88
2025-09-20,29,3.2020689655172414
2025-09-21,52,3.9451923076923077
2025-09-22,62,3.7220967741935485
2025-09-23,87,2.9941379310344827
2025-09-24,98,3.666020408163265
2025-09-25,118,3.058135593220339
2025-09-26,73,3.684931506849315
2025-09-27,53,2.7416981132075473
2025-09-28,158,3.745379746835443
2025-09-29,121,3.7920661157024793
2025-09-30,38,3.4247368421052626
2025-10-01,41,3.634390243902439
2025-10-02,39,3.1256410256410256
2025-10-03,67,3.8292537313432837
2025-10-04,159,4.122641509433962
2025-10-05,143,3.624755244755245
2025-10-06,61,2.8373770491803283
2025-10-07,53,2.657924528301887
2025-10-08,84,1.4132142857142855
2025-10-09,115,2.182695652173913
2025-10-10,207,3.3705797101449275
2025-10-11,336,3.163452380952381
2025-10-12,313,3.4821086261980834
2025-10-13,270,3.775925925925926
2025-10-14,441,3.390770975056689
2025-10-15,484,3.762086776859504
2025-10-16,650,3.7533076923076925
2025-10-17,557,3.9424775583482945
2025-10-18,490,3.8749591836734694
2025-10-19,727,3.9648968363136174
2025-10-20,835,4.121940119760479
2025-10-21,730,3.9905890410958906
2025-10-22,691,4.056584659913169
2025-10-23,569,4.60688927943761
2025-10-24,691,4.294399421128799
2025-10-25,972,4.724907407407407
2025-10-26,1014,4.436094674556212
2025-10-27,307,5.903843648208469
2025-10-28,146,5.984383561643836
2025-10-29,482,7.084107883817428
2025-10-30,421,5.771306413301662
2025-10-31,651,5.346574500768049
2025-11-01,758,5.91245382585752
2025-11-02,923,5.880747562296858
2025-11-03,869,4.904626006904488
2025-11-04,942,5.918970276008492
2025-11-05,917,4.133751363140676
2025-11-06,1567,4.32156349712827
2025-11-07,2090,4.367296650717703
2025-11-08,2108,4.607851043643264
2025-11-09,2432,4.8110238486842105
2025-11-10,2362,4.17298899237934
2025-11-11,3017,4.551345707656613
2025-11-12,2053,4.491933755479786
2025-11-13,3005,4.7646156405990014
2025-11-14,2631,4.725188141391106
2025-11-15,3469,4.889227443067166
2025-11-16,4474,5.0164550737594995
2025-11-17,3155,5.177125198098257
2025-11-18,3014,4.779800928998009
2025-11-19,2357,5.228595672464998
2025-11-20,2570,4.9565953307393
2025-11-21,2745,4.59840072859745
2025-11-22,2958,4.595878972278567
2025-11-23,3234,4.409050711193569
2025-11-24,2472,4.713220064724919
2025-11-25,2470,4.835388663967612
2025-11-26,2484,4.424730273752013
2025-11-27,2257,4.388435976960568
2025-11-28,2243,4.322483281319661
2025-11-29,2030,3.908433497536946
2025-11-30,1465,5.064143344709898
2025-12-01,1766,4.126104190260476
2025-12-02,1764,3.9871938775510203
2025-12-03,1810,3.768232044198895
2025-12-04,2045,3.953325183374083
2025-12-05,1669,3.748627920910725
2025-12-06,1558,4.14915917843389
2025-12-07,1740,3.792316091954023
2025-12-08,1970,3.5132538071065986
2025-12-09,2034,3.6264060963618485
2025-12-10,1780,3.9825898876404495
2025-12-11,1397,4.379341445955619
2025-12-12,1242,3.7368035426731074
2025-12-13,1501,3.502451698867422
2025-12-14,1398,3.404563662374821
2025-12-15,1727,3.4132368268674
2025-12-16,1369,3.600664718772827
2025-12-17,1041,4.325888568683958
2025-12-18,518,3.956583011583012
2025-12-19,1012,3.7436363636363637
2025-12-20,414,5.014444444444445
2025-12-21,141,4.564397163120567
2025-12-22,602,3.661063122923588
2025-12-23,812,4.29762315270936
2025-12-24,832,3.8006610576923077
2025-12-25,749,3.613845126835781
2025-12-26,465,2.6768387096774195
2025-12-27,469,3.7202132196162045
2025-12-28,522,3.938524904214559
2025-12-29,554,3.412689530685921
2025-12-30,820,3.2531097560975613
2025-12-31,398,3.3951507537688443
2026-01-01,304,3.479342105263158
2026-01-02,248,4.686814516129032
2026-01-03,153,3.7801960784313726
2026-01-04,258,3.0692248062015506
2026-01-05,432,3.3535648148148147
2026-01-06,265,3.2941132075471695
2026-01-07,318,4.589088050314465
2026-01-08,425,3.3517647058823528
2026-01-09,557,3.6077199281867145
2026-01-10,738,4.472276422764228
2026-01-11,1075,5.038623255813954
2026-01-12,811,4.815499383477189
2026-01-13,844,3.476587677725118
2026-01-14,988,4.644261133603239
2026-01-15,880,3.894875
2026-01-16,558,4.511881720430107
2026-01-17,423,3.555886524822695
2026-01-18,914,4.264387308533917
2026-01-19,775,4.135277419354839
2026-01-20,880,3.7649886363636362
2026-01-21,1158,7.41
2026-01-22,939,5.596709265175719
2026-01-23,347,6.372363112391931
2026-01-24,123,2.84739837398374
2026-01-25,332,3.6752409638554218
2026-01-26,474,4.032573839662447
2026-01-27,179,4.117262569832402
2026-01-28,96,2.40375
2026-01-29,191,3.553717277486911
2026-01-30,200,3.5006
2026-01-31,155,3.591806451612903
2026-02-01,235,2.7046382978723407
2026-02-02,177,3.7015254237288135
2026-02-03,213,3.782488262910798
2026-02-04,629,3.805739268680445
2026-02-05,700,4.315028571428571
2026-02-06,633,4.444423380726699
2026-02-07,502,4.413705179282868
2026-02-08,680,5.106529411764706
2026-02-09,563,4.24170515097691
2026-02-10,616,4.387857142857143
2026-02-11,833,5.58452581032413
2026-02-12,724,5.195220994475139
2026-02-13,462,6.162792207792208
2026-02-14,784,5.208571428571428
2026-02-15,819,4.312173382173382
2026-02-16,959,4.663972888425443
2026-02-17,693,4.8425541125541125
2026-02-18,359,4.236378830083565
2026-02-19,461,4.320477223427332
2026-02-20,531,4.796967984934087
2026-02-21,726,5.1587190082644625
2026-02-22,637,4.173547880690738
2026-02-23,492,4.203495934959349
2026-02-24,625,5.251312
2026-02-25,688,4.891061046511628
2026-02-26,652,4.520046012269939
2026-02-27,624,5.3460256410256415
2026-02-28,725,5.696662068965517
2026-03-01,820,5.2372804878048775
2026-03-02,2113,2.4258163748225274
2026-03-03,1493,5.006858673811118
2026-03-04,1124,6.049092526690392
2026-03-05,842,6.230439429928741
2026-03-06,514,5.7925291828793775
2026-03-07,691,5.367843704775687
2026-03-08,688,4.9079796511627904
2026-03-09,496,5.099375
2026-03-10,366,5.783196721311476
2026-03-11,461,4.643015184381778
2026-03-12,762,5.352204724409449
2026-03-13,829,4.317370325693607
2026-03-14,1266,5.083751974723539
2026-03-15,824,4.333980582524272
2026-03-16,844,6.214609004739336
2026-03-17,684,5.2602777777777785
2026-03-18,887,4.013291995490417
2026-03-19,1084,4.8340313653136535
2026-03-20,134,3.6855223880597014
2026-03-21,246,2.1971138211382115
2026-03-22,411,3.472506082725061
2026-03-23,324,3.9398765432098766
2026-03-24,632,4.684509493670887
2026-03-25,1312,4.563056402439024
2026-03-26,2081,5.122681403171552
2026-03-27,988,5.590283400809716
2026-03-28,1068,5.243005617977528
2026-03-29,1289,4.74943366951125
2026-03-30,646,5.337105263157895
2026-03-31,759,4.34699604743083
2026-04-01,893,5.60417693169093
2026-04-02,1437,4.052964509394572
2026-04-03,745,4.643355704697987
2026-04-04,386,4.992616580310881
2026-04-05,1043,6.081946308724833
2026-04-06,2091,5.575475848876136
2026-04-07,1554,7.427676962676963
2026-04-08,420,2.9590714285714284
2026-04-09,1617,4.8718491032776745
2026-04-10,4570,5.672175054704595
2026-04-11,6306,5.841092610212496
2026-04-12,8542,7.005664949660501
2026-04-13,8903,7.083677412108279
2026-04-14,10947,7.043833927103316
2026-04-15,10243,5.880448110905008
2026-04-16,8150,6.916911656441718
2026-04-17,5020,4.736525896414343
2026-04-18,7566,5.882450436161776
2026-04-19,9385,7.608001065530101
2026-04-20,12965,5.303557269571924
2026-04-21,21453,6.614910735095324
2026-04-22,20297,7.108689461496773
2026-04-23,14842,7.143277860126667
2026-04-24,12048,7.407405378486056
2026-04-25,11126,7.609937983102642
2026-04-26,10749,7.538470555400503
2026-04-27,9571,8.596071465886531
2026-04-28,4548,6.726099384344767
2026-04-29,3835,6.264143415906128
2026-04-30,1969,8.1531437277806
2026-05-01,3420,6.164236842105263
2026-05-02,3937,6.763604267208534
2026-05-03,3163,6.674359785014227
2026-05-04,2180,5.700738532110092
2026-05-05,800,5.614825
2026-05-06,3170,7.017198738170348
2026-05-07,3160,6.314208860759494
2026-05-08,3107,5.639465722561956
2026-05-09,4635,5.347529665587918
2026-05-10,3212,5.392204234122042
2026-05-11,2926,5.826271360218728
2026-05-12,2816,5.935237926136364
2026-05-13,1624,7.019864532019705
2026-05-14,1683,8.992679738562092
2026-05-15,1636,5.984932762836186
2026-05-16,1779,6.795160202360877
2026-05-17,2497,7.270144173007608
2026-05-18,1863,7.176672034353193
2026-05-19,1379,6.977251631617113
2026-05-20,2446,5.176770237121831
2026-05-21,2174,5.872092916283349
2026-05-22,1464,6.423579234972678
2026-05-23,2208,5.648890398550725
2026-05-24,2215,5.006
2026-05-25,1933,4.542090015519918
2026-05-26,2529,5.225658362989324
2026-05-27,1800,5.965938888888889
2026-05-28,927,6.691639697950377
2026-05-29,320,5.51815625
2026-05-30,181,6.808729281767955
2026-05-31,192,4.745885416666667
2026-06-01,75,4.196666666666666
2026-06-02,91,6.254725274725274
2026-06-03,104,6.34548076923077
2026-06-04,86,6.267674418604651
2026-06-05,94,6.247446808510638
2026-06-06,82,6.406707317073171
2026-06-07,130,4.158615384615385
2026-06-08,106,6.12
2026-06-09,157,6.51515923566879
2026-06-10,167,7.153233532934132
2026-06-11,82,6.099024390243902
2026-06-12,30,4.2636666666666665
2026-06-13,41,3.705609756097561
2026-06-14,59,4.979152542372881
2026-06-15,95,6.040947368421053
2026-06-16,129,5.256279069767442
2026-06-17,114,5.925614035087719
2026-06-18,140,6.9068571428571435
2026-06-19,79,6.107341772151899
2026-06-20,95,5.646105263157895
2026-06-21,202,5.522772277227722
2026-06-22,99,4.635050505050505
2026-06-23,152,5.33578947368421
2026-06-24,128,6.63109375
2026-06-25,88,5.772386363636364
2026-06-26,160,4.9683125
2026-06-27,93,5.488172043010753
2026-06-28,69,5.2468115942028986
2026-06-29,19,7.330526315789474
2026-06-30,6,2.316666666666667
2026-07-01,12,5.4875
2026-07-02,7,2.7971428571428567
2026-07-03,19,4.2563157894736845
2026-07-04,27,4.412962962962963
2026-07-05,12,7.910833333333333
2026-07-06,6,4.848333333333334
2026-07-07,6,4.736666666666667
2026-07-08,4,1.83
2026-07-09,10,5.461
2026-07-10,6,4.6033333333333335
2026-07-11,17,2.0294117647058822
2026-07-12,15,2.219333333333333
2026-07-13,6,1.9333333333333336
2026-07-14,11,6.014545454545455
2026-07-15,9,4.671111111111111
2026-07-16,7,5.531428571428571
2026-07-17,15,6.225333333333333
2026-07-18,2,5.03
2026-07-22,5,1.564
2026-07-23,8,3.75375
2026-07-24,10,2.4170000000000003
2026-07-25,27,2.0655555555555556
2026-07-26,13,4.596153846153846
2026-07-27,1,4.71
2026-07-28,12,3.0258333333333334
2026-07-29,14,1.757142857142857
2026-07-30,24,1.7054166666666666
2026-07-31,25,2.7124
2026-08-01,3,1.0033333333333332
2026-08-02,6,2.845
2026-08-04,2,1.25
2026-08-05,2,1.02
2026-08-07,3,1.7966666666666669
2026-08-08,4,1.6875
2026-08-09,8,1.60125
2026-08-11,9,2.6255555555555556
2026-08-12,6,2.5416666666666665
2026-08-13,9,2.238888888888889
2026-08-14,3,1.3333333333333333
2026-08-15,2,0.59
2026-08-16,3,1.55
2026-08-18,5,2.306
2026-08-19,3,1.01
2026-08-20,16,4.300625
2026-08-21,1,6.91
2026-08-22,12,17.1725
2026-08-23,10,2.848
2026-08-24,4,1.115
2026-08-25,2,1.27
2026-08-27,2,2.575
2026-08-29,4,4.2775
