latitude,longitude,bright_ti4,scan,track,acq_date,acq_time,satellite,instrument,confidence,version,bright_ti5,frp,daynight,nrt_source,fetched_at,sensor,age_hours,nrt_severity,grid_lat,grid_lon,grid_id,fire_type,fire_type_confidence,fire_type_reason
24.9333,74.63285,317.52,0.39,0.36,2026-10-05 20:49:00,2049,N21,VIIRS,,2.0NRT,297.72,2.01,N,VIIRS_NOAA21_NRT,2026-10-05T23:32:17.979501+00:00,NOAA21,2.7,normal,24.9,74.6,24.90_74.60,INDUSTRIAL_PERSISTENT,0.94,Matched historical grid 24.90_74.60
24.76339,74.60822,321.06,0.39,0.37,2026-10-05 20:49:00,2049,N21,VIIRS,,2.0NRT,299.71,2.43,N,VIIRS_NOAA21_NRT,2026-10-05T23:32:17.979501+00:00,NOAA21,2.7,normal,24.75,74.6,24.75_74.60,INDUSTRIAL_PERSISTENT,1.0,Matched historical grid 24.75_74.60
24.66032,74.63271,310.53,0.4,0.37,2026-10-05 20:49:00,2049,N21,VIIRS,,2.0NRT,298.56,2.25,N,VIIRS_NOAA21_NRT,2026-10-05T23:32:17.979501+00:00,NOAA21,2.7,normal,24.65,74.6,24.65_74.60,INDUSTRIAL_PERSISTENT,0.93,Matched historical grid 24.65_74.60
24.18036,82.65816,301.16,0.34,0.56,2026-10-05 20:49:00,2049,N21,VIIRS,,2.0NRT,288.26,0.74,N,VIIRS_NOAA21_NRT,2026-10-05T23:32:17.979501+00:00,NOAA21,2.7,normal,24.15,82.65,24.15_82.65,INDUSTRIAL_PERSISTENT,0.61,Matched historical grid 24.15_82.65
24.14551,82.65662,307.78,0.34,0.56,2026-10-05 20:49:00,2049,N21,VIIRS,,2.0NRT,288.3,1.6,N,VIIRS_NOAA21_NRT,2026-10-05T23:32:17.979501+00:00,NOAA21,2.7,normal,24.1,82.65,24.10_82.65,INDUSTRIAL_PERSISTENT,0.72,Matched historical grid 24.10_82.65
24.14369,82.65545,304.23,0.34,0.56,2026-10-05 20:49:00,2049,N21,VIIRS,,2.0NRT,287.81,0.68,N,VIIRS_NOAA21_NRT,2026-10-05T23:32:17.979501+00:00,NOAA21,2.7,normal,24.1,82.65,24.10_82.65,INDUSTRIAL_PERSISTENT,0.72,Matched historical grid 24.10_82.65
24.13414,82.69808,299.04,0.34,0.56,2026-10-05 20:49:00,2049,N21,VIIRS,,2.0NRT,284.54,1.49,N,VIIRS_NOAA21_NRT,2026-10-05T23:32:17.979501+00:00,NOAA21,2.7,normal,24.1,82.65,24.10_82.65,INDUSTRIAL_PERSISTENT,0.72,Matched historical grid 24.10_82.65
28.74281,76.92688,310.17,0.42,0.38,2026-10-05 20:46:00,2046,N21,VIIRS,,2.0NRT,295.82,1.05,N,VIIRS_NOAA21_NRT,2026-10-05T23:32:17.979501+00:00,NOAA21,2.8,normal,28.7,76.9,28.70_76.90,INDUSTRIAL_PERSISTENT,1.0,Matched historical grid 28.70_76.90
26.64262,79.48232,325.84,0.39,0.44,2026-10-05 20:46:00,2046,N21,VIIRS,,2.0NRT,293.7,2.46,N,VIIRS_NOAA21_NRT,2026-10-05T23:32:17.979501+00:00,NOAA21,2.8,normal,26.6,79.45,26.60_79.45,INDUSTRIAL_PERSISTENT,0.84,Matched historical grid 26.60_79.45
28.34624,77.22903,311.3,0.44,0.38,2026-10-05 20:46:00,2046,N21,VIIRS,,2.0NRT,295.39,1.01,N,VIIRS_NOAA21_NRT,2026-10-05T23:32:17.979501+00:00,NOAA21,2.8,normal,28.3,77.2,28.30_77.20,INDUSTRIAL_PERSISTENT,1.0,Matched historical grid 28.30_77.20
28.70889,76.85728,307.9,0.42,0.38,2026-10-05 20:46:00,2046,N21,VIIRS,,2.0NRT,295.98,0.93,N,VIIRS_NOAA21_NRT,2026-10-05T23:32:17.979501+00:00,NOAA21,2.8,normal,28.7,76.85,28.70_76.85,INDUSTRIAL_PERSISTENT,0.83,Matched historical grid 28.70_76.85
27.66906,76.12869,315.22,0.41,0.37,2026-10-05 20:46:00,2046,N21,VIIRS,,2.0NRT,298.5,3.05,N,VIIRS_NOAA21_NRT,2026-10-05T23:32:17.979501+00:00,NOAA21,2.8,normal,27.65,76.1,27.65_76.10,INDUSTRIAL_PERSISTENT,0.98,Matched historical grid 27.65_76.10
31.24827,76.92833,303.34,0.4,0.37,2026-10-05 20:46:00,2046,N21,VIIRS,,2.0NRT,290.58,0.76,N,VIIRS_NOAA21_NRT,2026-10-05T23:32:17.979501+00:00,NOAA21,2.8,normal,31.2,76.9,31.20_76.90,INDUSTRIAL_PERSISTENT,0.93,Matched historical grid 31.20_76.90
31.32908,76.89391,305.03,0.4,0.37,2026-10-05 20:46:00,2046,N21,VIIRS,,2.0NRT,292.13,0.71,N,VIIRS_NOAA21_NRT,2026-10-05T23:32:17.979501+00:00,NOAA21,2.8,normal,31.3,76.85,31.30_76.85,INDUSTRIAL_PERSISTENT,0.98,Matched historical grid 31.30_76.85
31.25898,76.92656,302.47,0.4,0.37,2026-10-05 20:46:00,2046,N21,VIIRS,,2.0NRT,291.2,0.38,N,VIIRS_NOAA21_NRT,2026-10-05T23:32:17.979501+00:00,NOAA21,2.8,normal,31.25,76.9,31.25_76.90,INDUSTRIAL_PERSISTENT,0.92,Matched historical grid 31.25_76.90
24.183,82.64639,303.73,0.46,0.39,2026-10-05 20:04:00,2004,N20,VIIRS,,2.0NRT,290.76,1.02,N,VIIRS_NOAA20_NRT,2026-10-05T23:32:17.807509+00:00,NOAA20,3.5,normal,24.15,82.6,24.15_82.60,INDUSTRIAL_PERSISTENT,1.0,Matched historical grid 24.15_82.60
23.66978,84.99446,306.08,0.39,0.36,2026-10-05 20:04:00,2004,N20,VIIRS,,2.0NRT,292.6,0.71,N,VIIRS_NOAA20_NRT,2026-10-05T23:32:17.807509+00:00,NOAA20,3.5,normal,23.65,84.95,23.65_84.95,INDUSTRIAL_PERSISTENT,0.84,Matched historical grid 23.65_84.95
23.84005,84.94625,307.55,0.39,0.36,2026-10-05 20:04:00,2004,N20,VIIRS,,2.0NRT,292.24,0.58,N,VIIRS_NOAA20_NRT,2026-10-05T23:32:17.807509+00:00,NOAA20,3.5,normal,23.8,84.9,23.80_84.90,INDUSTRIAL_PERSISTENT,1.0,Matched historical grid 23.80_84.90
24.1375,82.69552,308.79,0.45,0.39,2026-10-05 20:04:00,2004,N20,VIIRS,,2.0NRT,290.45,0.56,N,VIIRS_NOAA20_NRT,2026-10-05T23:32:17.807509+00:00,NOAA20,3.5,normal,24.1,82.65,24.10_82.65,INDUSTRIAL_PERSISTENT,0.72,Matched historical grid 24.10_82.65
24.14664,82.65588,317.02,0.46,0.39,2026-10-05 20:04:00,2004,N20,VIIRS,,2.0NRT,291.51,2.2,N,VIIRS_NOAA20_NRT,2026-10-05T23:32:17.807509+00:00,NOAA20,3.5,normal,24.1,82.65,24.10_82.65,INDUSTRIAL_PERSISTENT,0.72,Matched historical grid 24.10_82.65
24.16328,82.62963,306.64,0.46,0.39,2026-10-05 20:04:00,2004,N20,VIIRS,,2.0NRT,291.41,1.06,N,VIIRS_NOAA20_NRT,2026-10-05T23:32:17.807509+00:00,NOAA20,3.5,normal,24.15,82.6,24.15_82.60,INDUSTRIAL_PERSISTENT,1.0,Matched historical grid 24.15_82.60
24.19896,82.71737,310.36,0.45,0.39,2026-10-05 20:04:00,2004,N20,VIIRS,,2.0NRT,290.78,1.35,N,VIIRS_NOAA20_NRT,2026-10-05T23:32:17.807509+00:00,NOAA20,3.5,normal,24.15,82.7,24.15_82.70,INDUSTRIAL_PERSISTENT,0.75,Matched historical grid 24.15_82.70
24.18477,82.66037,303.57,0.46,0.39,2026-10-05 20:04:00,2004,N20,VIIRS,,2.0NRT,290.62,0.83,N,VIIRS_NOAA20_NRT,2026-10-05T23:32:17.807509+00:00,NOAA20,3.5,normal,24.15,82.65,24.15_82.65,INDUSTRIAL_PERSISTENT,0.61,Matched historical grid 24.15_82.65
24.19958,82.71284,306.73,0.45,0.39,2026-10-05 20:04:00,2004,N20,VIIRS,,2.0NRT,290.83,1.39,N,VIIRS_NOAA20_NRT,2026-10-05T23:32:17.807509+00:00,NOAA20,3.5,normal,24.15,82.7,24.15_82.70,INDUSTRIAL_PERSISTENT,0.75,Matched historical grid 24.15_82.70
24.20377,82.70891,313.91,0.45,0.39,2026-10-05 20:04:00,2004,N20,VIIRS,,2.0NRT,291.68,1.39,N,VIIRS_NOAA20_NRT,2026-10-05T23:32:17.807509+00:00,NOAA20,3.5,normal,24.2,82.7,24.20_82.70,INDUSTRIAL_PERSISTENT,0.83,Matched historical grid 24.20_82.70
24.45037,83.03964,305.73,0.44,0.39,2026-10-05 20:04:00,2004,N20,VIIRS,,2.0NRT,292.11,0.85,N,VIIRS_NOAA20_NRT,2026-10-05T23:32:17.807509+00:00,NOAA20,3.5,normal,24.45,83.0,24.45_83.00,INDUSTRIAL_PERSISTENT,0.94,Matched historical grid 24.45_83.00
24.66248,74.62944,306.86,0.46,0.64,2026-10-05 20:04:00,2004,N20,VIIRS,,2.0NRT,295.45,2.65,N,VIIRS_NOAA20_NRT,2026-10-05T23:32:17.807509+00:00,NOAA20,3.5,normal,24.65,74.6,24.65_74.60,INDUSTRIAL_PERSISTENT,0.93,Matched historical grid 24.65_74.60
23.66589,84.99764,314.57,0.39,0.36,2026-10-05 20:04:00,2004,N20,VIIRS,,2.0NRT,293.0,1.66,N,VIIRS_NOAA20_NRT,2026-10-05T23:32:17.807509+00:00,NOAA20,3.5,normal,23.65,84.95,23.65_84.95,INDUSTRIAL_PERSISTENT,0.84,Matched historical grid 23.65_84.95
24.76392,74.60424,309.24,0.46,0.64,2026-10-05 20:04:00,2004,N20,VIIRS,,2.0NRT,295.57,1.42,N,VIIRS_NOAA20_NRT,2026-10-05T23:32:17.807509+00:00,NOAA20,3.5,normal,24.75,74.6,24.75_74.60,INDUSTRIAL_PERSISTENT,1.0,Matched historical grid 24.75_74.60
24.71625,75.94967,304.09,0.38,0.59,2026-10-05 20:04:00,2004,N20,VIIRS,,2.0NRT,294.02,0.94,N,VIIRS_NOAA20_NRT,2026-10-05T23:32:17.807509+00:00,NOAA20,3.5,normal,24.7,75.9,24.70_75.90,INDUSTRIAL_PERSISTENT,0.94,Matched historical grid 24.70_75.90
26.64337,79.47724,314.1,0.48,0.48,2026-10-05 20:02:00,2002,N20,VIIRS,,2.0NRT,293.25,1.68,N,VIIRS_NOAA20_NRT,2026-10-05T23:32:17.807509+00:00,NOAA20,3.5,normal,26.6,79.45,26.60_79.45,INDUSTRIAL_PERSISTENT,0.84,Matched historical grid 26.60_79.45
28.34667,77.22791,311.89,0.35,0.56,2026-10-05 20:02:00,2002,N20,VIIRS,,2.0NRT,293.64,0.99,N,VIIRS_NOAA20_NRT,2026-10-05T23:32:17.807509+00:00,NOAA20,3.5,normal,28.3,77.2,28.30_77.20,INDUSTRIAL_PERSISTENT,1.0,Matched historical grid 28.30_77.20
28.64953,77.58761,306.84,0.33,0.55,2026-10-05 20:02:00,2002,N20,VIIRS,,2.0NRT,293.77,0.64,N,VIIRS_NOAA20_NRT,2026-10-05T23:32:17.807509+00:00,NOAA20,3.5,normal,28.6,77.55,28.60_77.55,INDUSTRIAL_PERSISTENT,0.85,Matched historical grid 28.60_77.55
28.71175,76.85519,315.66,0.37,0.58,2026-10-05 20:02:00,2002,N20,VIIRS,,2.0NRT,294.82,1.04,N,VIIRS_NOAA20_NRT,2026-10-05T23:32:17.807509+00:00,NOAA20,3.5,normal,28.7,76.85,28.70_76.85,INDUSTRIAL_PERSISTENT,0.83,Matched historical grid 28.70_76.85
28.71362,76.83231,309.57,0.37,0.58,2026-10-05 20:02:00,2002,N20,VIIRS,,2.0NRT,294.72,1.05,N,VIIRS_NOAA20_NRT,2026-10-05T23:32:17.807509+00:00,NOAA20,3.5,normal,28.7,76.8,28.70_76.80,INDUSTRIAL_PERSISTENT,0.73,Matched historical grid 28.70_76.80
28.7757,76.69724,307.04,0.38,0.59,2026-10-05 20:02:00,2002,N20,VIIRS,,2.0NRT,294.59,0.6,N,VIIRS_NOAA20_NRT,2026-10-05T23:32:17.807509+00:00,NOAA20,3.5,normal,28.75,76.65,28.75_76.65,INDUSTRIAL_PERSISTENT,1.0,Matched historical grid 28.75_76.65
26.64257,79.47656,313.42,0.61,0.71,2026-10-05 19:45:00,1945,N,VIIRS,,2.0NRT,290.13,1.84,N,VIIRS_SNPP_NRT,2026-10-05T23:32:17.649711+00:00,SNPP,3.8,normal,26.6,79.45,26.60_79.45,INDUSTRIAL_PERSISTENT,0.84,Matched historical grid 26.60_79.45
24.44923,83.03902,305.31,0.35,0.57,2026-10-05 19:45:00,1945,N,VIIRS,,2.0NRT,289.05,0.51,N,VIIRS_SNPP_NRT,2026-10-05T23:32:17.649711+00:00,SNPP,3.8,normal,24.4,83.0,24.40_83.00,INDUSTRIAL_PERSISTENT,0.96,Matched historical grid 24.40_83.00
24.14714,82.65591,310.42,0.37,0.58,2026-10-05 19:45:00,1945,N,VIIRS,,2.0NRT,288.71,1.22,N,VIIRS_SNPP_NRT,2026-10-05T23:32:17.649711+00:00,SNPP,3.8,normal,24.1,82.65,24.10_82.65,INDUSTRIAL_PERSISTENT,0.72,Matched historical grid 24.10_82.65
24.19563,82.7169,300.7,0.36,0.58,2026-10-05 19:45:00,1945,N,VIIRS,,2.0NRT,287.83,0.47,N,VIIRS_SNPP_NRT,2026-10-05T23:32:17.649711+00:00,SNPP,3.8,normal,24.15,82.7,24.15_82.70,INDUSTRIAL_PERSISTENT,0.75,Matched historical grid 24.15_82.70
24.19818,82.71564,304.31,0.36,0.58,2026-10-05 19:45:00,1945,N,VIIRS,,2.0NRT,287.46,0.89,N,VIIRS_SNPP_NRT,2026-10-05T23:32:17.649711+00:00,SNPP,3.8,normal,24.15,82.7,24.15_82.70,INDUSTRIAL_PERSISTENT,0.75,Matched historical grid 24.15_82.70
24.20393,82.71199,300.61,0.36,0.58,2026-10-05 19:45:00,1945,N,VIIRS,,2.0NRT,288.07,0.69,N,VIIRS_SNPP_NRT,2026-10-05T23:32:17.649711+00:00,SNPP,3.8,normal,24.2,82.7,24.20_82.70,INDUSTRIAL_PERSISTENT,0.83,Matched historical grid 24.20_82.70
24.20424,82.70859,302.29,0.36,0.58,2026-10-05 19:45:00,1945,N,VIIRS,,2.0NRT,288.13,0.69,N,VIIRS_SNPP_NRT,2026-10-05T23:32:17.649711+00:00,SNPP,3.8,normal,24.2,82.7,24.20_82.70,INDUSTRIAL_PERSISTENT,0.83,Matched historical grid 24.20_82.70
26.75882,83.198,302.74,0.36,0.57,2026-10-05 19:45:00,1945,N,VIIRS,,2.0NRT,290.25,0.6,N,VIIRS_SNPP_NRT,2026-10-05T23:32:17.649711+00:00,SNPP,3.8,normal,26.75,83.15,26.75_83.15,INDUSTRIAL_PERSISTENT,0.67,Matched historical grid 26.75_83.15
26.63973,79.47594,303.38,0.61,0.71,2026-10-05 19:45:00,1945,N,VIIRS,,2.0NRT,289.57,0.81,N,VIIRS_SNPP_NRT,2026-10-05T23:32:17.649711+00:00,SNPP,3.8,normal,26.6,79.45,26.60_79.45,INDUSTRIAL_PERSISTENT,0.84,Matched historical grid 26.60_79.45
26.64639,79.47649,304.93,0.61,0.71,2026-10-05 19:45:00,1945,N,VIIRS,,2.0NRT,290.0,0.81,N,VIIRS_SNPP_NRT,2026-10-05T23:32:17.649711+00:00,SNPP,3.8,normal,26.6,79.45,26.60_79.45,INDUSTRIAL_PERSISTENT,0.84,Matched historical grid 26.60_79.45
23.66935,84.99577,305.08,0.51,0.5,2026-10-05 19:45:00,1945,N,VIIRS,,2.0NRT,291.34,1.98,N,VIIRS_SNPP_NRT,2026-10-05T23:32:17.649711+00:00,SNPP,3.8,normal,23.65,84.95,23.65_84.95,INDUSTRIAL_PERSISTENT,0.84,Matched historical grid 23.65_84.95
23.84177,84.94701,302.89,0.52,0.5,2026-10-05 19:45:00,1945,N,VIIRS,,2.0NRT,290.61,1.24,N,VIIRS_SNPP_NRT,2026-10-05T23:32:17.649711+00:00,SNPP,3.8,normal,23.8,84.9,23.80_84.90,INDUSTRIAL_PERSISTENT,1.0,Matched historical grid 23.80_84.90
23.66512,84.99907,304.04,0.64,0.72,2026-10-05 19:08:00,1908,N21,VIIRS,,2.0NRT,289.22,1.94,N,VIIRS_NOAA21_NRT,2026-10-05T23:32:17.979501+00:00,NOAA21,4.4,normal,23.65,84.95,23.65_84.95,INDUSTRIAL_PERSISTENT,0.84,Matched historical grid 23.65_84.95
23.6631,84.99883,302.59,0.64,0.72,2026-10-05 19:06:00,1906,N21,VIIRS,,2.0NRT,289.15,1.27,N,VIIRS_NOAA21_NRT,2026-10-05T23:32:17.979501+00:00,NOAA21,4.4,normal,23.65,84.95,23.65_84.95,INDUSTRIAL_PERSISTENT,0.84,Matched historical grid 23.65_84.95
31.40779,74.78336,334.8,0.37,0.58,2026-10-05 08:58:00,858,N,VIIRS,,2.0NRT,299.01,3.02,D,VIIRS_SNPP_NRT,2026-10-05T23:32:17.649711+00:00,SNPP,14.6,normal,31.4,74.75,31.40_74.75,UNCLASSIFIED,0.0,Matched historical grid 31.40_74.75
31.12386,74.66813,332.7,0.36,0.57,2026-10-05 08:58:00,858,N,VIIRS,,2.0NRT,299.09,3.46,D,VIIRS_SNPP_NRT,2026-10-05T23:32:17.649711+00:00,SNPP,14.6,normal,31.1,74.65,31.10_74.65,UNCLASSIFIED,0.0,Matched historical grid 31.10_74.65
31.11798,74.66095,332.15,0.36,0.57,2026-10-05 08:58:00,858,N,VIIRS,,2.0NRT,299.3,2.87,D,VIIRS_SNPP_NRT,2026-10-05T23:32:17.649711+00:00,SNPP,14.6,normal,31.1,74.65,31.10_74.65,UNCLASSIFIED,0.0,Matched historical grid 31.10_74.65
31.12106,74.66958,333.42,0.36,0.57,2026-10-05 08:58:00,858,N,VIIRS,,2.0NRT,299.36,1.69,D,VIIRS_SNPP_NRT,2026-10-05T23:32:17.649711+00:00,SNPP,14.6,normal,31.1,74.65,31.10_74.65,UNCLASSIFIED,0.0,Matched historical grid 31.10_74.65
25.12732,76.14893,330.12,0.38,0.59,2026-10-05 08:58:00,858,N,VIIRS,,2.0NRT,304.44,2.79,D,VIIRS_SNPP_NRT,2026-10-05T23:32:17.649711+00:00,SNPP,14.6,normal,25.1,76.1,25.10_76.10,UNCLASSIFIED,0.0,Matched historical grid 25.10_76.10
31.08965,74.61086,336.52,0.36,0.57,2026-10-05 08:58:00,858,N,VIIRS,,2.0NRT,302.18,2.53,D,VIIRS_SNPP_NRT,2026-10-05T23:32:17.649711+00:00,SNPP,14.6,normal,31.05,74.6,31.05_74.60,INDUSTRIAL_PERSISTENT,1.0,Matched historical grid 31.05_74.60
27.71612,76.1425,330.84,0.41,0.6,2026-10-05 08:58:00,858,N,VIIRS,,2.0NRT,305.29,0.71,D,VIIRS_SNPP_NRT,2026-10-05T23:32:17.649711+00:00,SNPP,14.6,normal,27.7,76.1,27.70_76.10,UNCLASSIFIED,0.0,Matched historical grid 27.70_76.10
24.6824,77.0749,342.76,0.43,0.62,2026-10-05 08:58:00,858,N,VIIRS,,2.0NRT,305.02,4.87,D,VIIRS_SNPP_NRT,2026-10-05T23:32:17.649711+00:00,SNPP,14.6,normal,24.65,77.05,24.65_77.05,UNCLASSIFIED,0.0,Matched historical grid 24.65_77.05
31.08233,74.5162,334.73,0.35,0.57,2026-10-05 08:58:00,858,N,VIIRS,,2.0NRT,301.9,1.48,D,VIIRS_SNPP_NRT,2026-10-05T23:32:17.649711+00:00,SNPP,14.6,normal,31.05,74.5,31.05_74.50,INDUSTRIAL_PERSISTENT,1.0,Matched historical grid 31.05_74.50
25.12746,76.14783,330.52,0.38,0.59,2026-10-05 08:58:00,858,N,VIIRS,,2.0NRT,304.43,1.65,D,VIIRS_SNPP_NRT,2026-10-05T23:32:17.649711+00:00,SNPP,14.6,normal,25.1,76.1,25.10_76.10,UNCLASSIFIED,0.0,Matched historical grid 25.10_76.10
26.33171,77.68708,331.27,0.49,0.65,2026-10-05 08:58:00,858,N,VIIRS,,2.0NRT,299.97,4.54,D,VIIRS_SNPP_NRT,2026-10-05T23:32:17.649711+00:00,SNPP,14.6,normal,26.3,77.65,26.30_77.65,UNCLASSIFIED,0.0,Matched historical grid 26.30_77.65
26.33207,77.69214,339.29,0.49,0.65,2026-10-05 08:58:00,858,N,VIIRS,,2.0NRT,300.34,6.61,D,VIIRS_SNPP_NRT,2026-10-05T23:32:17.649711+00:00,SNPP,14.6,normal,26.3,77.65,26.30_77.65,UNCLASSIFIED,0.0,Matched historical grid 26.30_77.65
26.35071,77.6957,348.97,0.49,0.65,2026-10-05 08:58:00,858,N,VIIRS,,2.0NRT,301.6,6.45,D,VIIRS_SNPP_NRT,2026-10-05T23:32:17.649711+00:00,SNPP,14.6,normal,26.35,77.65,26.35_77.65,UNCLASSIFIED,0.0,Matched historical grid 26.35_77.65
24.89787,76.92246,331.17,0.43,0.62,2026-10-05 08:58:00,858,N,VIIRS,,2.0NRT,303.45,2.61,D,VIIRS_SNPP_NRT,2026-10-05T23:32:17.649711+00:00,SNPP,14.6,normal,24.85,76.9,24.85_76.90,UNCLASSIFIED,0.0,Matched historical grid 24.85_76.90
28.49639,76.83039,330.17,0.46,0.63,2026-10-05 08:58:00,858,N,VIIRS,,2.0NRT,300.58,3.01,D,VIIRS_SNPP_NRT,2026-10-05T23:32:17.649711+00:00,SNPP,14.6,normal,28.45,76.8,28.45_76.80,INDUSTRIAL_PERSISTENT,0.87,Matched historical grid 28.45_76.80
28.50264,76.83472,347.24,0.46,0.63,2026-10-05 08:58:00,858,N,VIIRS,,2.0NRT,298.55,3.23,D,VIIRS_SNPP_NRT,2026-10-05T23:32:17.649711+00:00,SNPP,14.6,normal,28.5,76.8,28.50_76.80,UNCLASSIFIED,0.0,Matched historical grid 28.50_76.80
31.04178,74.61548,354.24,0.36,0.57,2026-10-05 08:58:00,858,N,VIIRS,,2.0NRT,303.27,10.87,D,VIIRS_SNPP_NRT,2026-10-05T23:32:17.649711+00:00,SNPP,14.6,normal,31.0,74.6,31.00_74.60,INDUSTRIAL_PERSISTENT,1.0,Matched historical grid 31.00_74.60
31.04207,74.61929,367.0,0.36,0.57,2026-10-05 08:58:00,858,N,VIIRS,,2.0NRT,301.73,10.87,D,VIIRS_SNPP_NRT,2026-10-05T23:32:17.649711+00:00,SNPP,14.6,normal,31.0,74.6,31.00_74.60,INDUSTRIAL_PERSISTENT,1.0,Matched historical grid 31.00_74.60
28.49672,76.83518,342.91,0.46,0.63,2026-10-05 08:58:00,858,N,VIIRS,,2.0NRT,301.05,3.01,D,VIIRS_SNPP_NRT,2026-10-05T23:32:17.649711+00:00,SNPP,14.6,normal,28.45,76.8,28.45_76.80,INDUSTRIAL_PERSISTENT,0.87,Matched historical grid 28.45_76.80
31.00463,74.5057,338.56,0.48,0.4,2026-10-05 08:22:00,822,N21,VIIRS,,2.0NRT,305.9,7.47,D,VIIRS_NOAA21_NRT,2026-10-05T23:32:17.979501+00:00,NOAA21,15.2,normal,31.0,74.5,31.00_74.50,INDUSTRIAL_PERSISTENT,1.0,Matched historical grid 31.00_74.50
27.54873,77.51828,336.41,0.42,0.45,2026-10-05 08:22:00,822,N21,VIIRS,,2.0NRT,304.05,5.11,D,VIIRS_NOAA21_NRT,2026-10-05T23:32:17.979501+00:00,NOAA21,15.2,normal,27.5,77.5,27.50_77.50,INDUSTRIAL_PERSISTENT,1.0,Matched historical grid 27.50_77.50
28.49739,76.83034,342.53,0.4,0.44,2026-10-05 08:22:00,822,N21,VIIRS,,2.0NRT,307.86,8.63,D,VIIRS_NOAA21_NRT,2026-10-05T23:32:17.979501+00:00,NOAA21,15.2,normal,28.45,76.8,28.45_76.80,INDUSTRIAL_PERSISTENT,0.87,Matched historical grid 28.45_76.80
31.42363,74.83177,335.42,0.51,0.41,2026-10-05 08:22:00,822,N21,VIIRS,,2.0NRT,303.5,5.25,D,VIIRS_NOAA21_NRT,2026-10-05T23:32:17.979501+00:00,NOAA21,15.2,normal,31.4,74.8,31.40_74.80,UNCLASSIFIED,0.0,Matched historical grid 31.40_74.80
31.42112,74.7461,330.58,0.5,0.41,2026-10-05 08:22:00,822,N21,VIIRS,,2.0NRT,302.31,4.1,D,VIIRS_NOAA21_NRT,2026-10-05T23:32:17.979501+00:00,NOAA21,15.2,normal,31.4,74.7,31.40_74.70,UNCLASSIFIED,0.0,Matched historical grid 31.40_74.70
31.37959,74.52543,332.86,0.49,0.4,2026-10-05 08:22:00,822,N21,VIIRS,,2.0NRT,305.04,2.33,D,VIIRS_NOAA21_NRT,2026-10-05T23:32:17.979501+00:00,NOAA21,15.2,normal,31.35,74.5,31.35_74.50,INDUSTRIAL_PERSISTENT,1.0,Matched historical grid 31.35_74.50
31.11216,74.61771,333.25,0.49,0.4,2026-10-05 08:22:00,822,N21,VIIRS,,2.0NRT,307.25,3.25,D,VIIRS_NOAA21_NRT,2026-10-05T23:32:17.979501+00:00,NOAA21,15.2,normal,31.1,74.6,31.10_74.60,INDUSTRIAL_PERSISTENT,1.0,Matched historical grid 31.10_74.60
30.54804,76.77113,340.49,0.42,0.45,2026-10-05 08:22:00,822,N21,VIIRS,,2.0NRT,302.11,5.38,D,VIIRS_NOAA21_NRT,2026-10-05T23:32:17.979501+00:00,NOAA21,15.2,normal,30.5,76.75,30.50_76.75,INDUSTRIAL_PERSISTENT,0.67,Matched historical grid 30.50_76.75
30.74923,74.7304,333.22,0.49,0.4,2026-10-05 08:22:00,822,N21,VIIRS,,2.0NRT,303.5,6.69,D,VIIRS_NOAA21_NRT,2026-10-05T23:32:17.979501+00:00,NOAA21,15.2,normal,30.7,74.7,30.70_74.70,UNCLASSIFIED,0.0,Matched historical grid 30.70_74.70
29.07272,75.72501,333.96,0.53,0.42,2026-10-05 08:22:00,822,N21,VIIRS,,2.0NRT,304.88,3.27,D,VIIRS_NOAA21_NRT,2026-10-05T23:32:17.979501+00:00,NOAA21,15.2,normal,29.05,75.7,29.05_75.70,UNCLASSIFIED,0.0,Matched historical grid 29.05_75.70
29.00667,79.73643,330.9,0.6,0.53,2026-10-05 08:22:00,822,N21,VIIRS,,2.0NRT,294.75,6.61,D,VIIRS_NOAA21_NRT,2026-10-05T23:32:17.979501+00:00,NOAA21,15.2,normal,29.0,79.7,29.00_79.70,UNCLASSIFIED,0.0,Matched historical grid 29.00_79.70
28.83831,76.2436,335.8,0.56,0.43,2026-10-05 08:22:00,822,N21,VIIRS,,2.0NRT,306.83,4.47,D,VIIRS_NOAA21_NRT,2026-10-05T23:32:17.979501+00:00,NOAA21,15.2,normal,28.8,76.2,28.80_76.20,INDUSTRIAL_PERSISTENT,0.86,Matched historical grid 28.80_76.20
27.91523,76.88001,338.6,0.39,0.44,2026-10-05 08:22:00,822,N21,VIIRS,,2.0NRT,307.57,2.72,D,VIIRS_NOAA21_NRT,2026-10-05T23:32:17.979501+00:00,NOAA21,15.2,normal,27.9,76.85,27.90_76.85,UNCLASSIFIED,0.0,Matched historical grid 27.90_76.85
28.83721,77.06979,336.02,0.41,0.45,2026-10-05 08:22:00,822,N21,VIIRS,,2.0NRT,304.8,3.56,D,VIIRS_NOAA21_NRT,2026-10-05T23:32:17.979501+00:00,NOAA21,15.2,normal,28.8,77.05,28.80_77.05,INDUSTRIAL_PERSISTENT,0.71,Matched historical grid 28.80_77.05
27.94973,77.60851,334.41,0.43,0.46,2026-10-05 08:22:00,822,N21,VIIRS,,2.0NRT,304.04,2.63,D,VIIRS_NOAA21_NRT,2026-10-05T23:32:17.979501+00:00,NOAA21,15.2,normal,27.9,77.6,27.90_77.60,AGRICULTURAL_BURNING,1.0,Matched historical grid 27.90_77.60
25.27084,75.98856,333.51,0.49,0.4,2026-10-05 08:20:00,820,N21,VIIRS,,2.0NRT,307.11,7.93,D,VIIRS_NOAA21_NRT,2026-10-05T23:32:17.979501+00:00,NOAA21,15.2,normal,25.25,75.95,25.25_75.95,INDUSTRIAL_PERSISTENT,1.0,Matched historical grid 25.25_75.95
25.25851,75.98051,331.5,0.49,0.4,2026-10-05 08:20:00,820,N21,VIIRS,,2.0NRT,305.55,2.81,D,VIIRS_NOAA21_NRT,2026-10-05T23:32:17.979501+00:00,NOAA21,15.2,normal,25.25,75.95,25.25_75.95,INDUSTRIAL_PERSISTENT,1.0,Matched historical grid 25.25_75.95
26.34231,77.67583,343.85,0.42,0.45,2026-10-05 08:20:00,820,N21,VIIRS,,2.0NRT,307.16,5.72,D,VIIRS_NOAA21_NRT,2026-10-05T23:32:17.979501+00:00,NOAA21,15.2,normal,26.3,77.65,26.30_77.65,UNCLASSIFIED,0.0,Matched historical grid 26.30_77.65
24.91288,77.15907,340.84,0.56,0.43,2026-10-05 08:20:00,820,N21,VIIRS,,2.0NRT,307.13,6.14,D,VIIRS_NOAA21_NRT,2026-10-05T23:32:17.979501+00:00,NOAA21,15.2,normal,24.9,77.15,24.90_77.15,UNCLASSIFIED,0.0,Matched historical grid 24.90_77.15
24.8233,76.61331,336.35,0.52,0.42,2026-10-05 08:20:00,820,N21,VIIRS,,2.0NRT,311.24,2.96,D,VIIRS_NOAA21_NRT,2026-10-05T23:32:17.979501+00:00,NOAA21,15.2,normal,24.8,76.6,24.80_76.60,AGRICULTURAL_BURNING,0.99,Matched historical grid 24.80_76.60
24.7949,76.53912,335.47,0.52,0.41,2026-10-05 08:20:00,820,N21,VIIRS,,2.0NRT,308.86,4.48,D,VIIRS_NOAA21_NRT,2026-10-05T23:32:17.979501+00:00,NOAA21,15.2,normal,24.75,76.5,24.75_76.50,UNCLASSIFIED,0.0,Matched historical grid 24.75_76.50
24.07319,77.48036,333.07,0.57,0.43,2026-10-05 08:20:00,820,N21,VIIRS,,2.0NRT,304.96,2.93,D,VIIRS_NOAA21_NRT,2026-10-05T23:32:17.979501+00:00,NOAA21,15.2,normal,24.05,77.45,24.05_77.45,UNCLASSIFIED,0.0,Matched historical grid 24.05_77.45
26.34185,77.67166,341.16,0.42,0.45,2026-10-05 08:20:00,820,N21,VIIRS,,2.0NRT,306.24,5.72,D,VIIRS_NOAA21_NRT,2026-10-05T23:32:17.979501+00:00,NOAA21,15.2,normal,26.3,77.65,26.30_77.65,UNCLASSIFIED,0.0,Matched historical grid 26.30_77.65
24.93683,76.40753,336.39,0.51,0.41,2026-10-05 08:20:00,820,N21,VIIRS,,2.0NRT,309.21,4.74,D,VIIRS_NOAA21_NRT,2026-10-05T23:32:17.979501+00:00,NOAA21,15.2,normal,24.9,76.4,24.90_76.40,UNCLASSIFIED,0.0,Matched historical grid 24.90_76.40
28.2092,78.14164,335.83,0.39,0.44,2026-10-05 07:37:00,737,N20,VIIRS,,2.0NRT,301.8,2.07,D,VIIRS_NOAA20_NRT,2026-10-05T23:32:17.807509+00:00,NOAA20,15.9,normal,28.2,78.1,28.20_78.10,INDUSTRIAL_PERSISTENT,1.0,Matched historical grid 28.20_78.10
28.47959,77.46022,331.91,0.42,0.45,2026-10-05 07:37:00,737,N20,VIIRS,,2.0NRT,301.07,1.75,D,VIIRS_NOAA20_NRT,2026-10-05T23:32:17.807509+00:00,NOAA20,15.9,normal,28.45,77.45,28.45_77.45,INDUSTRIAL_PERSISTENT,0.67,Matched historical grid 28.45_77.45
31.13052,74.63088,353.67,0.54,0.51,2026-10-05 07:37:00,737,N20,VIIRS,,2.0NRT,303.81,17.69,D,VIIRS_NOAA20_NRT,2026-10-05T23:32:17.807509+00:00,NOAA20,15.9,normal,31.1,74.6,31.10_74.60,INDUSTRIAL_PERSISTENT,1.0,Matched historical grid 31.10_74.60
31.11959,74.665,333.81,0.54,0.51,2026-10-05 07:37:00,737,N20,VIIRS,,2.0NRT,301.16,4.8,D,VIIRS_NOAA20_NRT,2026-10-05T23:32:17.807509+00:00,NOAA20,15.9,normal,31.1,74.65,31.10_74.65,UNCLASSIFIED,0.0,Matched historical grid 31.10_74.65
28.00611,77.59029,341.32,0.42,0.46,2026-10-05 07:37:00,737,N20,VIIRS,,2.0NRT,303.82,2.79,D,VIIRS_NOAA20_NRT,2026-10-05T23:32:17.807509+00:00,NOAA20,15.9,normal,28.0,77.55,28.00_77.55,UNCLASSIFIED,0.0,Matched historical grid 28.00_77.55
30.97593,81.28507,346.57,0.4,0.37,2026-10-05 07:37:00,737,N20,VIIRS,,2.0NRT,293.29,6.97,D,VIIRS_NOAA20_NRT,2026-10-05T23:32:17.807509+00:00,NOAA20,15.9,normal,30.95,81.25,30.95_81.25,UNCLASSIFIED,0.0,Matched historical grid 30.95_81.25
30.71092,74.68651,336.7,0.55,0.51,2026-10-05 07:37:00,737,N20,VIIRS,,2.0NRT,301.61,3.37,D,VIIRS_NOAA20_NRT,2026-10-05T23:32:17.807509+00:00,NOAA20,15.9,normal,30.7,74.65,30.70_74.65,UNCLASSIFIED,0.0,Matched historical grid 30.70_74.65
28.49957,76.83123,342.04,0.46,0.47,2026-10-05 07:37:00,737,N20,VIIRS,,2.0NRT,303.55,7.62,D,VIIRS_NOAA20_NRT,2026-10-05T23:32:17.807509+00:00,NOAA20,15.9,normal,28.45,76.8,28.45_76.80,INDUSTRIAL_PERSISTENT,0.87,Matched historical grid 28.45_76.80
28.49755,76.83422,353.33,0.46,0.47,2026-10-05 07:37:00,737,N20,VIIRS,,2.0NRT,305.84,12.17,D,VIIRS_NOAA20_NRT,2026-10-05T23:32:17.807509+00:00,NOAA20,15.9,normal,28.45,76.8,28.45_76.80,INDUSTRIAL_PERSISTENT,0.87,Matched historical grid 28.45_76.80
31.36692,74.89655,347.23,0.52,0.5,2026-10-05 07:37:00,737,N20,VIIRS,,2.0NRT,301.06,12.04,D,VIIRS_NOAA20_NRT,2026-10-05T23:32:17.807509+00:00,NOAA20,15.9,normal,31.35,74.85,31.35_74.85,UNCLASSIFIED,0.0,Matched historical grid 31.35_74.85
31.32706,74.82339,330.68,0.52,0.5,2026-10-05 07:37:00,737,N20,VIIRS,,2.0NRT,300.44,3.55,D,VIIRS_NOAA20_NRT,2026-10-05T23:32:17.807509+00:00,NOAA20,15.9,normal,31.3,74.8,31.30_74.80,INDUSTRIAL_PERSISTENT,1.0,Matched historical grid 31.30_74.80
27.93548,77.54986,331.36,0.43,0.46,2026-10-05 07:37:00,737,N20,VIIRS,,2.0NRT,301.39,1.3,D,VIIRS_NOAA20_NRT,2026-10-05T23:32:17.807509+00:00,NOAA20,15.9,normal,27.9,77.5,27.90_77.50,INDUSTRIAL_PERSISTENT,1.0,Matched historical grid 27.90_77.50
27.73503,77.83669,337.24,0.42,0.45,2026-10-05 07:37:00,737,N20,VIIRS,,2.0NRT,301.23,3.1,D,VIIRS_NOAA20_NRT,2026-10-05T23:32:17.807509+00:00,NOAA20,15.9,normal,27.7,77.8,27.70_77.80,AGRICULTURAL_BURNING,1.0,Matched historical grid 27.70_77.80
27.91443,78.16158,340.98,0.4,0.44,2026-10-05 07:37:00,737,N20,VIIRS,,2.0NRT,301.46,5.8,D,VIIRS_NOAA20_NRT,2026-10-05T23:32:17.807509+00:00,NOAA20,15.9,normal,27.9,78.15,27.90_78.15,INDUSTRIAL_PERSISTENT,0.78,Matched historical grid 27.90_78.15
28.49533,76.83236,334.5,0.46,0.47,2026-10-05 07:37:00,737,N20,VIIRS,,2.0NRT,305.08,7.62,D,VIIRS_NOAA20_NRT,2026-10-05T23:32:17.807509+00:00,NOAA20,15.9,normal,28.45,76.8,28.45_76.80,INDUSTRIAL_PERSISTENT,0.87,Matched historical grid 28.45_76.80
26.33079,77.69017,339.57,0.45,0.47,2026-10-05 07:35:00,735,N20,VIIRS,,2.0NRT,306.44,3.81,D,VIIRS_NOAA20_NRT,2026-10-05T23:32:17.807509+00:00,NOAA20,16.0,normal,26.3,77.65,26.30_77.65,UNCLASSIFIED,0.0,Matched historical grid 26.30_77.65
25.35369,81.94979,335.75,0.43,0.38,2026-10-05 07:35:00,735,N20,VIIRS,,2.0NRT,304.17,4.04,D,VIIRS_NOAA20_NRT,2026-10-05T23:32:17.807509+00:00,NOAA20,16.0,normal,25.35,81.9,25.35_81.90,INDUSTRIAL_PERSISTENT,0.71,Matched historical grid 25.35_81.90
25.26839,75.98923,350.34,0.6,0.53,2026-10-05 07:35:00,735,N20,VIIRS,,2.0NRT,304.86,14.86,D,VIIRS_NOAA20_NRT,2026-10-05T23:32:17.807509+00:00,NOAA20,16.0,normal,25.25,75.95,25.25_75.95,INDUSTRIAL_PERSISTENT,1.0,Matched historical grid 25.25_75.95
24.89643,76.92427,332.39,0.54,0.5,2026-10-05 07:35:00,735,N20,VIIRS,,2.0NRT,306.76,3.04,D,VIIRS_NOAA20_NRT,2026-10-05T23:32:17.807509+00:00,NOAA20,16.0,normal,24.85,76.9,24.85_76.90,UNCLASSIFIED,0.0,Matched historical grid 24.85_76.90
24.89549,76.92197,334.29,0.54,0.5,2026-10-05 07:35:00,735,N20,VIIRS,,2.0NRT,307.23,3.58,D,VIIRS_NOAA20_NRT,2026-10-05T23:32:17.807509+00:00,NOAA20,16.0,normal,24.85,76.9,24.85_76.90,UNCLASSIFIED,0.0,Matched historical grid 24.85_76.90
24.60576,77.8338,335.79,0.48,0.48,2026-10-05 07:35:00,735,N20,VIIRS,,2.0NRT,303.47,4.17,D,VIIRS_NOAA20_NRT,2026-10-05T23:32:17.807509+00:00,NOAA20,16.0,normal,24.6,77.8,24.60_77.80,UNCLASSIFIED,0.0,Matched historical grid 24.60_77.80
24.14669,82.65842,333.65,0.42,0.38,2026-10-05 07:35:00,735,N20,VIIRS,,2.0NRT,298.85,3.28,D,VIIRS_NOAA20_NRT,2026-10-05T23:32:17.807509+00:00,NOAA20,16.0,normal,24.1,82.65,24.10_82.65,INDUSTRIAL_PERSISTENT,0.72,Matched historical grid 24.10_82.65
26.33168,77.69459,331.18,0.45,0.47,2026-10-05 07:35:00,735,N20,VIIRS,,2.0NRT,305.1,3.05,D,VIIRS_NOAA20_NRT,2026-10-05T23:32:17.807509+00:00,NOAA20,16.0,normal,26.3,77.65,26.30_77.65,UNCLASSIFIED,0.0,Matched historical grid 26.30_77.65
28.49951,76.83308,338.97,0.55,0.68,2026-10-05 07:18:00,718,N,VIIRS,,2.0NRT,297.97,3.95,D,VIIRS_SNPP_NRT,2026-10-05T23:32:17.649711+00:00,SNPP,16.2,normal,28.45,76.8,28.45_76.80,INDUSTRIAL_PERSISTENT,0.87,Matched historical grid 28.45_76.80
25.00994,77.11996,331.89,0.64,0.72,2026-10-05 07:16:00,716,N,VIIRS,,2.0NRT,299.92,4.92,D,VIIRS_SNPP_NRT,2026-10-05T23:32:17.649711+00:00,SNPP,16.3,normal,25.0,77.1,25.00_77.10,UNCLASSIFIED,0.0,Matched historical grid 25.00_77.10
26.45261,74.53636,305.09,0.43,0.62,2026-10-04 21:42:00,2142,N,VIIRS,,2.0NRT,293.58,0.56,N,VIIRS_SNPP_NRT,2026-10-05T23:32:17.649711+00:00,SNPP,25.8,normal,26.45,74.5,26.45_74.50,UNCLASSIFIED,0.0,Matched historical grid 26.45_74.50
25.15954,76.17675,309.24,0.58,0.7,2026-10-04 21:42:00,2142,N,VIIRS,,2.0NRT,292.32,2.17,N,VIIRS_SNPP_NRT,2026-10-05T23:32:17.649711+00:00,SNPP,25.8,normal,25.15,76.15,25.15_76.15,INDUSTRIAL_PERSISTENT,0.69,Matched historical grid 25.15_76.15
25.15806,76.18252,306.57,0.58,0.7,2026-10-04 21:42:00,2142,N,VIIRS,,2.0NRT,292.72,2.17,N,VIIRS_SNPP_NRT,2026-10-05T23:32:17.649711+00:00,SNPP,25.8,normal,25.15,76.15,25.15_76.15,INDUSTRIAL_PERSISTENT,0.69,Matched historical grid 25.15_76.15
31.25819,76.92804,300.77,0.46,0.64,2026-10-04 21:40:00,2140,N,VIIRS,,2.0NRT,289.62,1.21,N,VIIRS_SNPP_NRT,2026-10-05T23:32:17.649711+00:00,SNPP,25.9,normal,31.25,76.9,31.25_76.90,INDUSTRIAL_PERSISTENT,0.92,Matched historical grid 31.25_76.90
26.45197,74.53472,310.57,0.39,0.44,2026-10-04 21:06:00,2106,N21,VIIRS,,2.0NRT,294.81,1.06,N,VIIRS_NOAA21_NRT,2026-10-05T23:32:17.979501+00:00,NOAA21,26.4,normal,26.45,74.5,26.45_74.50,UNCLASSIFIED,0.0,Matched historical grid 26.45_74.50
25.1553,76.17743,324.69,0.51,0.49,2026-10-04 21:06:00,2106,N21,VIIRS,,2.0NRT,296.57,4.61,N,VIIRS_NOAA21_NRT,2026-10-05T23:32:17.979501+00:00,NOAA21,26.4,normal,25.15,76.15,25.15_76.15,INDUSTRIAL_PERSISTENT,0.69,Matched historical grid 25.15_76.15
26.63976,79.48121,305.97,0.38,0.59,2026-10-04 21:06:00,2106,N21,VIIRS,,2.0NRT,294.52,1.22,N,VIIRS_NOAA21_NRT,2026-10-05T23:32:17.979501+00:00,NOAA21,26.4,normal,26.6,79.45,26.60_79.45,INDUSTRIAL_PERSISTENT,0.84,Matched historical grid 26.60_79.45
24.93413,74.63384,312.62,0.42,0.45,2026-10-04 21:06:00,2106,N21,VIIRS,,2.0NRT,296.5,2.24,N,VIIRS_NOAA21_NRT,2026-10-05T23:32:17.979501+00:00,NOAA21,26.4,normal,24.9,74.6,24.90_74.60,INDUSTRIAL_PERSISTENT,0.94,Matched historical grid 24.90_74.60
24.66013,74.63579,308.65,0.42,0.45,2026-10-04 21:06:00,2106,N21,VIIRS,,2.0NRT,297.44,2.13,N,VIIRS_NOAA21_NRT,2026-10-05T23:32:17.979501+00:00,NOAA21,26.4,normal,24.65,74.6,24.65_74.60,INDUSTRIAL_PERSISTENT,0.93,Matched historical grid 24.65_74.60
26.45443,74.53532,311.41,0.39,0.44,2026-10-04 21:06:00,2106,N21,VIIRS,,2.0NRT,294.16,0.86,N,VIIRS_NOAA21_NRT,2026-10-05T23:32:17.979501+00:00,NOAA21,26.4,normal,26.45,74.5,26.45_74.50,UNCLASSIFIED,0.0,Matched historical grid 26.45_74.50
24.40383,77.88589,308.63,0.34,0.56,2026-10-04 21:06:00,2106,N21,VIIRS,,2.0NRT,291.41,0.61,N,VIIRS_NOAA21_NRT,2026-10-05T23:32:17.979501+00:00,NOAA21,26.4,normal,24.4,77.85,24.40_77.85,UNCLASSIFIED,0.0,Matched historical grid 24.40_77.85
26.64062,79.47755,305.0,0.38,0.59,2026-10-04 21:06:00,2106,N21,VIIRS,,2.0NRT,293.77,0.94,N,VIIRS_NOAA21_NRT,2026-10-05T23:32:17.979501+00:00,NOAA21,26.4,normal,26.6,79.45,26.60_79.45,INDUSTRIAL_PERSISTENT,0.84,Matched historical grid 26.60_79.45
28.34866,77.2336,304.53,0.51,0.49,2026-10-04 21:06:00,2106,N21,VIIRS,,2.0NRT,294.26,1.1,N,VIIRS_NOAA21_NRT,2026-10-05T23:32:17.979501+00:00,NOAA21,26.4,normal,28.3,77.2,28.30_77.20,INDUSTRIAL_PERSISTENT,1.0,Matched historical grid 28.30_77.20
28.75541,77.05272,306.76,0.49,0.48,2026-10-04 21:06:00,2106,N21,VIIRS,,2.0NRT,294.74,0.73,N,VIIRS_NOAA21_NRT,2026-10-05T23:32:17.979501+00:00,NOAA21,26.4,normal,28.75,77.05,28.75_77.05,INDUSTRIAL_PERSISTENT,0.86,Matched historical grid 28.75_77.05
28.80523,76.83815,315.52,0.47,0.48,2026-10-04 21:06:00,2106,N21,VIIRS,,2.0NRT,294.42,2.01,N,VIIRS_NOAA21_NRT,2026-10-05T23:32:17.979501+00:00,NOAA21,26.4,normal,28.8,76.8,28.80_76.80,INDUSTRIAL_PERSISTENT,0.86,Matched historical grid 28.80_76.80
30.51596,77.1989,304.76,0.46,0.47,2026-10-04 21:04:00,2104,N21,VIIRS,,2.0NRT,293.67,0.72,N,VIIRS_NOAA21_NRT,2026-10-05T23:32:17.979501+00:00,NOAA21,26.5,normal,30.5,77.15,30.50_77.15,INDUSTRIAL_PERSISTENT,0.89,Matched historical grid 30.50_77.15
31.25834,76.92493,304.73,0.43,0.46,2026-10-04 21:04:00,2104,N21,VIIRS,,2.0NRT,291.28,1.27,N,VIIRS_NOAA21_NRT,2026-10-05T23:32:17.979501+00:00,NOAA21,26.5,normal,31.25,76.9,31.25_76.90,INDUSTRIAL_PERSISTENT,0.92,Matched historical grid 31.25_76.90
24.92356,84.15472,304.73,0.43,0.38,2026-10-04 20:21:00,2021,N20,VIIRS,,2.0NRT,294.01,0.75,N,VIIRS_NOAA20_NRT,2026-10-05T23:32:17.807509+00:00,NOAA20,27.2,normal,24.9,84.15,24.90_84.15,INDUSTRIAL_PERSISTENT,0.91,Matched historical grid 24.90_84.15
28.75669,77.04787,311.74,0.56,0.43,2026-10-04 20:21:00,2021,N20,VIIRS,,2.0NRT,293.79,2.17,N,VIIRS_NOAA20_NRT,2026-10-05T23:32:17.807509+00:00,NOAA20,27.2,normal,28.75,77.0,28.75_77.00,INDUSTRIAL_PERSISTENT,0.67,Matched historical grid 28.75_77.00
28.34894,77.23005,305.9,0.55,0.42,2026-10-04 20:21:00,2021,N20,VIIRS,,2.0NRT,294.42,0.78,N,VIIRS_NOAA20_NRT,2026-10-05T23:32:17.807509+00:00,NOAA20,27.2,normal,28.3,77.2,28.30_77.20,INDUSTRIAL_PERSISTENT,1.0,Matched historical grid 28.30_77.20
28.34855,77.22836,307.41,0.55,0.42,2026-10-04 20:21:00,2021,N20,VIIRS,,2.0NRT,294.27,0.56,N,VIIRS_NOAA20_NRT,2026-10-05T23:32:17.807509+00:00,NOAA20,27.2,normal,28.3,77.2,28.30_77.20,INDUSTRIAL_PERSISTENT,1.0,Matched historical grid 28.30_77.20
27.72691,84.8145,302.56,0.43,0.38,2026-10-04 20:21:00,2021,N20,VIIRS,,2.0NRT,289.58,0.78,N,VIIRS_NOAA20_NRT,2026-10-05T23:32:17.807509+00:00,NOAA20,27.2,normal,27.7,84.8,27.70_84.80,INDUSTRIAL_PERSISTENT,1.0,Matched historical grid 27.70_84.80
26.64135,79.47923,307.07,0.42,0.38,2026-10-04 20:21:00,2021,N20,VIIRS,,2.0NRT,296.04,1.31,N,VIIRS_NOAA20_NRT,2026-10-05T23:32:17.807509+00:00,NOAA20,27.2,normal,26.6,79.45,26.60_79.45,INDUSTRIAL_PERSISTENT,0.84,Matched historical grid 26.60_79.45
25.3102,83.01204,307.01,0.4,0.37,2026-10-04 20:21:00,2021,N20,VIIRS,,2.0NRT,295.6,1.01,N,VIIRS_NOAA20_NRT,2026-10-05T23:32:17.807509+00:00,NOAA20,27.2,normal,25.3,83.0,25.30_83.00,INDUSTRIAL_PERSISTENT,0.73,Matched historical grid 25.30_83.00
25.15941,76.17582,325.77,0.57,0.43,2026-10-04 20:21:00,2021,N20,VIIRS,,2.0NRT,297.07,5.22,N,VIIRS_NOAA20_NRT,2026-10-05T23:32:17.807509+00:00,NOAA20,27.2,normal,25.15,76.15,25.15_76.15,INDUSTRIAL_PERSISTENT,0.69,Matched historical grid 25.15_76.15
25.15728,76.17445,322.9,0.57,0.43,2026-10-04 20:21:00,2021,N20,VIIRS,,2.0NRT,296.42,3.54,N,VIIRS_NOAA20_NRT,2026-10-05T23:32:17.807509+00:00,NOAA20,27.2,normal,25.15,76.15,25.15_76.15,INDUSTRIAL_PERSISTENT,0.69,Matched historical grid 25.15_76.15
24.19978,82.71537,312.82,0.4,0.37,2026-10-04 20:21:00,2021,N20,VIIRS,,2.0NRT,294.8,0.96,N,VIIRS_NOAA20_NRT,2026-10-05T23:32:17.807509+00:00,NOAA20,27.2,normal,24.15,82.7,24.15_82.70,INDUSTRIAL_PERSISTENT,0.75,Matched historical grid 24.15_82.70
24.7655,74.60519,310.69,0.46,0.47,2026-10-04 20:21:00,2021,N20,VIIRS,,2.0NRT,295.22,1.65,N,VIIRS_NOAA20_NRT,2026-10-05T23:32:17.807509+00:00,NOAA20,27.2,normal,24.75,74.6,24.75_74.60,INDUSTRIAL_PERSISTENT,1.0,Matched historical grid 24.75_74.60
24.16402,82.62878,311.75,0.4,0.37,2026-10-04 20:21:00,2021,N20,VIIRS,,2.0NRT,295.07,1.31,N,VIIRS_NOAA20_NRT,2026-10-05T23:32:17.807509+00:00,NOAA20,27.2,normal,24.15,82.6,24.15_82.60,INDUSTRIAL_PERSISTENT,1.0,Matched historical grid 24.15_82.60
24.7143,74.66779,305.21,0.46,0.47,2026-10-04 20:21:00,2021,N20,VIIRS,,2.0NRT,294.78,1.03,N,VIIRS_NOAA20_NRT,2026-10-05T23:32:17.807509+00:00,NOAA20,27.2,normal,24.7,74.65,24.70_74.65,INDUSTRIAL_PERSISTENT,0.98,Matched historical grid 24.70_74.65
23.66558,76.83618,301.97,0.5,0.41,2026-10-04 20:21:00,2021,N20,VIIRS,,2.0NRT,291.78,0.4,N,VIIRS_NOAA20_NRT,2026-10-05T23:32:17.807509+00:00,NOAA20,27.2,normal,23.65,76.8,23.65_76.80,AGRICULTURAL_BURNING,0.9,Matched historical grid 23.65_76.80
23.98823,79.39239,305.4,0.4,0.37,2026-10-04 20:21:00,2021,N20,VIIRS,,2.0NRT,295.03,1.06,N,VIIRS_NOAA20_NRT,2026-10-05T23:32:17.807509+00:00,NOAA20,27.2,normal,23.95,79.35,23.95_79.35,INDUSTRIAL_PERSISTENT,0.96,Matched historical grid 23.95_79.35
24.01166,80.52861,307.91,0.39,0.36,2026-10-04 20:21:00,2021,N20,VIIRS,,2.0NRT,296.85,0.96,N,VIIRS_NOAA20_NRT,2026-10-05T23:32:17.807509+00:00,NOAA20,27.2,normal,24.0,80.5,24.00_80.50,INDUSTRIAL_PERSISTENT,1.0,Matched historical grid 24.00_80.50
24.13558,82.69535,303.73,0.4,0.37,2026-10-04 20:21:00,2021,N20,VIIRS,,2.0NRT,293.55,0.58,N,VIIRS_NOAA20_NRT,2026-10-05T23:32:17.807509+00:00,NOAA20,27.2,normal,24.1,82.65,24.10_82.65,INDUSTRIAL_PERSISTENT,0.72,Matched historical grid 24.10_82.65
24.14545,82.65723,323.47,0.4,0.37,2026-10-04 20:21:00,2021,N20,VIIRS,,2.0NRT,295.41,2.1,N,VIIRS_NOAA20_NRT,2026-10-05T23:32:17.807509+00:00,NOAA20,27.2,normal,24.1,82.65,24.10_82.65,INDUSTRIAL_PERSISTENT,0.72,Matched historical grid 24.10_82.65
24.14097,82.70439,308.62,0.4,0.37,2026-10-04 20:21:00,2021,N20,VIIRS,,2.0NRT,294.25,1.27,N,VIIRS_NOAA20_NRT,2026-10-05T23:32:17.807509+00:00,NOAA20,27.2,normal,24.1,82.7,24.10_82.70,INDUSTRIAL_PERSISTENT,1.0,Matched historical grid 24.10_82.70
24.18209,82.64445,307.98,0.4,0.37,2026-10-04 20:21:00,2021,N20,VIIRS,,2.0NRT,294.53,1.05,N,VIIRS_NOAA20_NRT,2026-10-05T23:32:17.807509+00:00,NOAA20,27.2,normal,24.15,82.6,24.15_82.60,INDUSTRIAL_PERSISTENT,1.0,Matched historical grid 24.15_82.60
24.18283,82.66064,308.59,0.4,0.37,2026-10-04 20:21:00,2021,N20,VIIRS,,2.0NRT,295.41,1.55,N,VIIRS_NOAA20_NRT,2026-10-05T23:32:17.807509+00:00,NOAA20,27.2,normal,24.15,82.65,24.15_82.65,INDUSTRIAL_PERSISTENT,0.61,Matched historical grid 24.15_82.65
24.19777,82.71584,318.88,0.4,0.37,2026-10-04 20:21:00,2021,N20,VIIRS,,2.0NRT,295.36,1.74,N,VIIRS_NOAA20_NRT,2026-10-05T23:32:17.807509+00:00,NOAA20,27.2,normal,24.15,82.7,24.15_82.70,INDUSTRIAL_PERSISTENT,0.75,Matched historical grid 24.15_82.70
24.20444,82.7083,315.36,0.4,0.37,2026-10-04 20:21:00,2021,N20,VIIRS,,2.0NRT,295.87,2.22,N,VIIRS_NOAA20_NRT,2026-10-05T23:32:17.807509+00:00,NOAA20,27.2,normal,24.2,82.7,24.20_82.70,INDUSTRIAL_PERSISTENT,0.83,Matched historical grid 24.20_82.70
24.32573,81.32629,306.31,0.38,0.36,2026-10-04 20:21:00,2021,N20,VIIRS,,2.0NRT,294.61,0.92,N,VIIRS_NOAA20_NRT,2026-10-05T23:32:17.807509+00:00,NOAA20,27.2,normal,24.3,81.3,24.30_81.30,INDUSTRIAL_PERSISTENT,0.97,Matched historical grid 24.30_81.30
24.44986,83.03925,305.92,0.4,0.37,2026-10-04 20:21:00,2021,N20,VIIRS,,2.0NRT,295.56,0.88,N,VIIRS_NOAA20_NRT,2026-10-05T23:32:17.807509+00:00,NOAA20,27.2,normal,24.4,83.0,24.40_83.00,INDUSTRIAL_PERSISTENT,0.96,Matched historical grid 24.40_83.00
31.26182,76.92194,300.8,0.41,0.45,2026-10-04 20:19:00,2019,N20,VIIRS,,2.0NRT,290.43,0.49,N,VIIRS_NOAA20_NRT,2026-10-05T23:32:17.807509+00:00,NOAA20,27.2,normal,31.25,76.9,31.25_76.90,INDUSTRIAL_PERSISTENT,0.92,Matched historical grid 31.25_76.90
24.18305,82.66264,306.59,0.56,0.43,2026-10-04 20:02:00,2002,N,VIIRS,,2.0NRT,294.17,1.9,N,VIIRS_SNPP_NRT,2026-10-05T23:32:17.649711+00:00,SNPP,27.5,normal,24.15,82.65,24.15_82.65,INDUSTRIAL_PERSISTENT,0.61,Matched historical grid 24.15_82.65
26.64158,79.47467,306.8,0.62,0.54,2026-10-04 20:02:00,2002,N,VIIRS,,2.0NRT,293.8,0.86,N,VIIRS_SNPP_NRT,2026-10-05T23:32:17.649711+00:00,SNPP,27.5,normal,26.6,79.45,26.60_79.45,INDUSTRIAL_PERSISTENT,0.84,Matched historical grid 26.60_79.45
25.15628,76.17697,320.25,0.48,0.65,2026-10-04 20:02:00,2002,N,VIIRS,,2.0NRT,294.47,3.19,N,VIIRS_SNPP_NRT,2026-10-05T23:32:17.649711+00:00,SNPP,27.5,normal,25.15,76.15,25.15_76.15,INDUSTRIAL_PERSISTENT,0.69,Matched historical grid 25.15_76.15
24.44998,83.03924,305.12,0.54,0.42,2026-10-04 20:02:00,2002,N,VIIRS,,2.0NRT,294.75,1.07,N,VIIRS_SNPP_NRT,2026-10-05T23:32:17.649711+00:00,SNPP,27.5,normal,24.4,83.0,24.40_83.00,INDUSTRIAL_PERSISTENT,0.96,Matched historical grid 24.40_83.00
24.32579,81.32843,307.16,0.45,0.47,2026-10-04 20:02:00,2002,N,VIIRS,,2.0NRT,295.25,1.07,N,VIIRS_SNPP_NRT,2026-10-05T23:32:17.649711+00:00,SNPP,27.5,normal,24.3,81.3,24.30_81.30,INDUSTRIAL_PERSISTENT,0.97,Matched historical grid 24.30_81.30
24.2053,82.71078,309.66,0.56,0.43,2026-10-04 20:02:00,2002,N,VIIRS,,2.0NRT,295.55,2.34,N,VIIRS_SNPP_NRT,2026-10-05T23:32:17.649711+00:00,SNPP,27.5,normal,24.2,82.7,24.20_82.70,INDUSTRIAL_PERSISTENT,0.83,Matched historical grid 24.20_82.70
24.19664,82.71541,309.02,0.56,0.43,2026-10-04 20:02:00,2002,N,VIIRS,,2.0NRT,293.68,1.96,N,VIIRS_SNPP_NRT,2026-10-05T23:32:17.649711+00:00,SNPP,27.5,normal,24.15,82.7,24.15_82.70,INDUSTRIAL_PERSISTENT,0.75,Matched historical grid 24.15_82.70
23.84047,84.94751,306.34,0.44,0.38,2026-10-04 20:02:00,2002,N,VIIRS,,2.0NRT,293.21,1.25,N,VIIRS_SNPP_NRT,2026-10-05T23:32:17.649711+00:00,SNPP,27.5,normal,23.8,84.9,23.80_84.90,INDUSTRIAL_PERSISTENT,1.0,Matched historical grid 23.80_84.90
24.1626,82.63157,304.53,0.56,0.43,2026-10-04 20:02:00,2002,N,VIIRS,,2.0NRT,293.89,0.77,N,VIIRS_SNPP_NRT,2026-10-05T23:32:17.649711+00:00,SNPP,27.5,normal,24.15,82.6,24.15_82.60,INDUSTRIAL_PERSISTENT,1.0,Matched historical grid 24.15_82.60
23.66832,84.9956,304.85,0.43,0.38,2026-10-04 20:02:00,2002,N,VIIRS,,2.0NRT,293.0,1.46,N,VIIRS_SNPP_NRT,2026-10-05T23:32:17.649711+00:00,SNPP,27.5,normal,23.65,84.95,23.65_84.95,INDUSTRIAL_PERSISTENT,0.84,Matched historical grid 23.65_84.95
23.66422,84.99922,313.96,0.43,0.38,2026-10-04 20:02:00,2002,N,VIIRS,,2.0NRT,294.67,1.55,N,VIIRS_SNPP_NRT,2026-10-05T23:32:17.649711+00:00,SNPP,27.5,normal,23.65,84.95,23.65_84.95,INDUSTRIAL_PERSISTENT,0.84,Matched historical grid 23.65_84.95
24.1473,82.65723,319.21,0.56,0.43,2026-10-04 20:02:00,2002,N,VIIRS,,2.0NRT,295.32,2.68,N,VIIRS_SNPP_NRT,2026-10-05T23:32:17.649711+00:00,SNPP,27.5,normal,24.1,82.65,24.10_82.65,INDUSTRIAL_PERSISTENT,0.72,Matched historical grid 24.10_82.65
24.1951,82.71713,303.89,0.45,0.63,2026-10-04 19:25:00,1925,N21,VIIRS,,2.0NRT,292.83,0.56,N,VIIRS_NOAA21_NRT,2026-10-05T23:32:17.979501+00:00,NOAA21,28.1,normal,24.15,82.7,24.15_82.70,INDUSTRIAL_PERSISTENT,0.75,Matched historical grid 24.15_82.70
23.66632,84.99949,305.29,0.63,0.54,2026-10-04 19:25:00,1925,N21,VIIRS,,2.0NRT,293.0,2.59,N,VIIRS_NOAA21_NRT,2026-10-05T23:32:17.979501+00:00,NOAA21,28.1,normal,23.65,84.95,23.65_84.95,INDUSTRIAL_PERSISTENT,0.84,Matched historical grid 23.65_84.95
23.83826,84.94744,303.36,0.63,0.54,2026-10-04 19:25:00,1925,N21,VIIRS,,2.0NRT,292.3,2.01,N,VIIRS_NOAA21_NRT,2026-10-05T23:32:17.979501+00:00,NOAA21,28.1,normal,23.8,84.9,23.80_84.90,INDUSTRIAL_PERSISTENT,1.0,Matched historical grid 23.80_84.90
24.14764,82.65958,304.12,0.45,0.63,2026-10-04 19:25:00,1925,N21,VIIRS,,2.0NRT,293.4,1.8,N,VIIRS_NOAA21_NRT,2026-10-05T23:32:17.979501+00:00,NOAA21,28.1,normal,24.1,82.65,24.10_82.65,INDUSTRIAL_PERSISTENT,0.72,Matched historical grid 24.10_82.65
24.14801,82.65518,305.84,0.45,0.63,2026-10-04 19:25:00,1925,N21,VIIRS,,2.0NRT,293.19,1.77,N,VIIRS_NOAA21_NRT,2026-10-05T23:32:17.979501+00:00,NOAA21,28.1,normal,24.1,82.65,24.10_82.65,INDUSTRIAL_PERSISTENT,0.72,Matched historical grid 24.10_82.65
24.1823,82.66302,303.3,0.45,0.63,2026-10-04 19:25:00,1925,N21,VIIRS,,2.0NRT,292.84,1.05,N,VIIRS_NOAA21_NRT,2026-10-05T23:32:17.979501+00:00,NOAA21,28.1,normal,24.15,82.65,24.15_82.65,INDUSTRIAL_PERSISTENT,0.61,Matched historical grid 24.15_82.65
24.2013,82.71268,303.5,0.45,0.63,2026-10-04 19:25:00,1925,N21,VIIRS,,2.0NRT,293.33,2.85,N,VIIRS_NOAA21_NRT,2026-10-05T23:32:17.979501+00:00,NOAA21,28.1,normal,24.2,82.7,24.20_82.70,INDUSTRIAL_PERSISTENT,0.83,Matched historical grid 24.20_82.70
24.19639,82.71556,308.05,0.45,0.63,2026-10-04 19:25:00,1925,N21,VIIRS,,2.0NRT,292.85,1.2,N,VIIRS_NOAA21_NRT,2026-10-05T23:32:17.979501+00:00,NOAA21,28.1,normal,24.15,82.7,24.15_82.70,INDUSTRIAL_PERSISTENT,0.75,Matched historical grid 24.15_82.70
24.20256,82.71104,309.4,0.45,0.63,2026-10-04 19:25:00,1925,N21,VIIRS,,2.0NRT,293.8,2.57,N,VIIRS_NOAA21_NRT,2026-10-05T23:32:17.979501+00:00,NOAA21,28.1,normal,24.2,82.7,24.20_82.70,INDUSTRIAL_PERSISTENT,0.83,Matched historical grid 24.20_82.70
24.45051,83.03833,305.45,0.43,0.62,2026-10-04 19:25:00,1925,N21,VIIRS,,2.0NRT,293.44,1.1,N,VIIRS_NOAA21_NRT,2026-10-05T23:32:17.979501+00:00,NOAA21,28.1,normal,24.45,83.0,24.45_83.00,INDUSTRIAL_PERSISTENT,0.94,Matched historical grid 24.45_83.00
23.66494,84.99838,308.77,0.63,0.54,2026-10-04 19:25:00,1925,N21,VIIRS,,2.0NRT,293.02,3.03,N,VIIRS_NOAA21_NRT,2026-10-05T23:32:17.979501+00:00,NOAA21,28.1,normal,23.65,84.95,23.65_84.95,INDUSTRIAL_PERSISTENT,0.84,Matched historical grid 23.65_84.95
31.3803,75.06023,337.07,0.73,0.76,2026-10-04 09:17:00,917,N,VIIRS,,2.0NRT,294.32,7.76,D,VIIRS_SNPP_NRT,2026-10-05T23:32:17.649711+00:00,SNPP,38.3,normal,31.35,75.05,31.35_75.05,UNCLASSIFIED,0.0,Matched historical grid 31.35_75.05
31.38436,75.06257,331.28,0.73,0.76,2026-10-04 09:17:00,917,N,VIIRS,,2.0NRT,294.25,7.07,D,VIIRS_SNPP_NRT,2026-10-05T23:32:17.649711+00:00,SNPP,38.3,normal,31.35,75.05,31.35_75.05,UNCLASSIFIED,0.0,Matched historical grid 31.35_75.05
31.41831,75.11987,343.59,0.32,0.55,2026-10-04 08:41:00,841,N21,VIIRS,,2.0NRT,300.07,3.11,D,VIIRS_NOAA21_NRT,2026-10-05T23:32:17.979501+00:00,NOAA21,38.9,normal,31.4,75.1,31.40_75.10,UNCLASSIFIED,0.0,Matched historical grid 31.40_75.10
28.93987,76.24016,332.27,0.36,0.57,2026-10-04 08:39:00,839,N21,VIIRS,,2.0NRT,305.26,5.02,D,VIIRS_NOAA21_NRT,2026-10-05T23:32:17.979501+00:00,NOAA21,38.9,normal,28.9,76.2,28.90_76.20,UNCLASSIFIED,0.0,Matched historical grid 28.90_76.20
30.93297,75.90635,345.21,0.36,0.57,2026-10-04 08:39:00,839,N21,VIIRS,,2.0NRT,300.24,7.06,D,VIIRS_NOAA21_NRT,2026-10-05T23:32:17.979501+00:00,NOAA21,38.9,normal,30.9,75.9,30.90_75.90,INDUSTRIAL_PERSISTENT,0.64,Matched historical grid 30.90_75.90
31.28959,75.02948,367.0,0.32,0.54,2026-10-04 08:39:00,839,N21,VIIRS,,2.0NRT,300.99,6.07,D,VIIRS_NOAA21_NRT,2026-10-05T23:32:17.979501+00:00,NOAA21,38.9,normal,31.25,75.0,31.25_75.00,INDUSTRIAL_PERSISTENT,1.0,Matched historical grid 31.25_75.00
28.44123,76.71126,348.48,0.38,0.59,2026-10-04 08:39:00,839,N21,VIIRS,,2.0NRT,302.95,4.56,D,VIIRS_NOAA21_NRT,2026-10-05T23:32:17.979501+00:00,NOAA21,38.9,normal,28.4,76.7,28.40_76.70,INDUSTRIAL_PERSISTENT,0.61,Matched historical grid 28.40_76.70
25.35188,75.67634,340.17,0.6,0.53,2026-10-04 08:39:00,839,N21,VIIRS,,2.0NRT,303.19,8.79,D,VIIRS_NOAA21_NRT,2026-10-05T23:32:17.979501+00:00,NOAA21,38.9,normal,25.35,75.65,25.35_75.65,UNCLASSIFIED,0.0,Matched historical grid 25.35_75.65
25.14847,76.10915,332.8,0.64,0.54,2026-10-04 08:39:00,839,N21,VIIRS,,2.0NRT,307.65,5.36,D,VIIRS_NOAA21_NRT,2026-10-05T23:32:17.979501+00:00,NOAA21,38.9,normal,25.1,76.1,25.10_76.10,UNCLASSIFIED,0.0,Matched historical grid 25.10_76.10
31.3838,75.06894,367.0,0.32,0.55,2026-10-04 08:39:00,839,N21,VIIRS,,2.0NRT,303.2,7.38,D,VIIRS_NOAA21_NRT,2026-10-05T23:32:17.979501+00:00,NOAA21,38.9,normal,31.35,75.05,31.35_75.05,UNCLASSIFIED,0.0,Matched historical grid 31.35_75.05
29.26207,75.71314,333.08,0.33,0.56,2026-10-04 08:39:00,839,N21,VIIRS,,2.0NRT,303.02,2.88,D,VIIRS_NOAA21_NRT,2026-10-05T23:32:17.979501+00:00,NOAA21,38.9,normal,29.25,75.7,29.25_75.70,INDUSTRIAL_PERSISTENT,1.0,Matched historical grid 29.25_75.70
27.11024,79.1608,335.03,0.38,0.36,2026-10-04 07:56:00,756,N20,VIIRS,,2.0NRT,302.58,2.64,D,VIIRS_NOAA20_NRT,2026-10-05T23:32:17.807509+00:00,NOAA20,39.6,normal,27.1,79.15,27.10_79.15,INDUSTRIAL_PERSISTENT,1.0,Matched historical grid 27.10_79.15
27.05667,77.02567,338.33,0.42,0.38,2026-10-04 07:56:00,756,N20,VIIRS,,2.0NRT,311.14,1.86,D,VIIRS_NOAA20_NRT,2026-10-05T23:32:17.807509+00:00,NOAA20,39.6,normal,27.05,77.0,27.05_77.00,INDUSTRIAL_PERSISTENT,0.71,Matched historical grid 27.05_77.00
28.21518,78.1357,332.27,0.39,0.36,2026-10-04 07:56:00,756,N20,VIIRS,,2.0NRT,304.57,1.65,D,VIIRS_NOAA20_NRT,2026-10-05T23:32:17.807509+00:00,NOAA20,39.6,normal,28.2,78.1,28.20_78.10,INDUSTRIAL_PERSISTENT,1.0,Matched historical grid 28.20_78.10
25.07261,76.64821,336.95,0.45,0.39,2026-10-04 07:56:00,756,N20,VIIRS,,2.0NRT,306.82,1.97,D,VIIRS_NOAA20_NRT,2026-10-05T23:32:17.807509+00:00,NOAA20,39.6,normal,25.05,76.6,25.05_76.60,UNCLASSIFIED,0.0,Matched historical grid 25.05_76.60
24.75104,76.60687,336.24,0.46,0.39,2026-10-04 07:56:00,756,N20,VIIRS,,2.0NRT,310.07,2.21,D,VIIRS_NOAA20_NRT,2026-10-05T23:32:17.807509+00:00,NOAA20,39.6,normal,24.75,76.6,24.75_76.60,AGRICULTURAL_BURNING,1.0,Matched historical grid 24.75_76.60
24.74866,76.60633,338.29,0.46,0.39,2026-10-04 07:56:00,756,N20,VIIRS,,2.0NRT,311.59,3.04,D,VIIRS_NOAA20_NRT,2026-10-05T23:32:17.807509+00:00,NOAA20,39.6,normal,24.7,76.6,24.70_76.60,UNCLASSIFIED,0.0,Matched historical grid 24.70_76.60
27.59643,78.44083,330.06,0.39,0.36,2026-10-04 07:56:00,756,N20,VIIRS,,2.0NRT,304.29,1.63,D,VIIRS_NOAA20_NRT,2026-10-05T23:32:17.807509+00:00,NOAA20,39.6,normal,27.55,78.4,27.55_78.40,UNCLASSIFIED,0.0,Matched historical grid 27.55_78.40
27.6694,77.4649,343.33,0.4,0.37,2026-10-04 07:56:00,756,N20,VIIRS,,2.0NRT,310.26,13.0,D,VIIRS_NOAA20_NRT,2026-10-05T23:32:17.807509+00:00,NOAA20,39.6,normal,27.65,77.45,27.65_77.45,INDUSTRIAL_PERSISTENT,1.0,Matched historical grid 27.65_77.45
27.67276,77.4642,338.44,0.4,0.37,2026-10-04 07:56:00,756,N20,VIIRS,,2.0NRT,306.28,3.53,D,VIIRS_NOAA20_NRT,2026-10-05T23:32:17.807509+00:00,NOAA20,39.6,normal,27.65,77.45,27.65_77.45,INDUSTRIAL_PERSISTENT,1.0,Matched historical grid 27.65_77.45
27.72295,77.55804,332.43,0.4,0.37,2026-10-04 07:56:00,756,N20,VIIRS,,2.0NRT,305.88,3.51,D,VIIRS_NOAA20_NRT,2026-10-05T23:32:17.807509+00:00,NOAA20,39.6,normal,27.7,77.55,27.70_77.55,INDUSTRIAL_PERSISTENT,1.0,Matched historical grid 27.70_77.55
27.74764,77.50787,347.09,0.4,0.37,2026-10-04 07:56:00,756,N20,VIIRS,,2.0NRT,306.36,6.63,D,VIIRS_NOAA20_NRT,2026-10-05T23:32:17.807509+00:00,NOAA20,39.6,normal,27.7,77.5,27.70_77.50,INDUSTRIAL_PERSISTENT,0.86,Matched historical grid 27.70_77.50
25.6187,81.381,335.06,0.4,0.37,2026-10-04 07:56:00,756,N20,VIIRS,,2.0NRT,301.4,3.1,D,VIIRS_NOAA20_NRT,2026-10-05T23:32:17.807509+00:00,NOAA20,39.6,normal,25.6,81.35,25.60_81.35,UNCLASSIFIED,0.0,Matched historical grid 25.60_81.35
28.25449,78.16824,331.35,0.39,0.36,2026-10-04 07:56:00,756,N20,VIIRS,,2.0NRT,304.06,2.08,D,VIIRS_NOAA20_NRT,2026-10-05T23:32:17.807509+00:00,NOAA20,39.6,normal,28.25,78.15,28.25_78.15,INDUSTRIAL_PERSISTENT,1.0,Matched historical grid 28.25_78.15
27.77886,78.13365,335.21,0.39,0.36,2026-10-04 07:56:00,756,N20,VIIRS,,2.0NRT,307.08,3.12,D,VIIRS_NOAA20_NRT,2026-10-05T23:32:17.807509+00:00,NOAA20,39.6,normal,27.75,78.1,27.75_78.10,UNCLASSIFIED,0.0,Matched historical grid 27.75_78.10
29.97761,75.89492,343.69,0.43,0.38,2026-10-04 07:56:00,756,N20,VIIRS,,2.0NRT,303.59,4.03,D,VIIRS_NOAA20_NRT,2026-10-05T23:32:17.807509+00:00,NOAA20,39.6,normal,29.95,75.85,29.95_75.85,UNCLASSIFIED,0.0,Matched historical grid 29.95_75.85
29.97907,75.89413,341.85,0.43,0.38,2026-10-04 07:56:00,756,N20,VIIRS,,2.0NRT,304.8,2.92,D,VIIRS_NOAA20_NRT,2026-10-05T23:32:17.807509+00:00,NOAA20,39.6,normal,29.95,75.85,29.95_75.85,UNCLASSIFIED,0.0,Matched historical grid 29.95_75.85
29.98028,75.88976,347.9,0.43,0.38,2026-10-04 07:56:00,756,N20,VIIRS,,2.0NRT,305.76,4.34,D,VIIRS_NOAA20_NRT,2026-10-05T23:32:17.807509+00:00,NOAA20,39.6,normal,29.95,75.85,29.95_75.85,UNCLASSIFIED,0.0,Matched historical grid 29.95_75.85
30.50038,77.19722,333.29,0.39,0.36,2026-10-04 07:56:00,756,N20,VIIRS,,2.0NRT,302.87,1.46,D,VIIRS_NOAA20_NRT,2026-10-05T23:32:17.807509+00:00,NOAA20,39.6,normal,30.5,77.15,30.50_77.15,INDUSTRIAL_PERSISTENT,0.89,Matched historical grid 30.50_77.15
30.92946,75.90625,336.78,0.42,0.38,2026-10-04 07:56:00,756,N20,VIIRS,,2.0NRT,308.17,3.78,D,VIIRS_NOAA20_NRT,2026-10-05T23:32:17.807509+00:00,NOAA20,39.6,normal,30.9,75.9,30.90_75.90,INDUSTRIAL_PERSISTENT,0.64,Matched historical grid 30.90_75.90
31.08754,74.65892,331.72,0.46,0.39,2026-10-04 07:56:00,756,N20,VIIRS,,2.0NRT,304.94,3.46,D,VIIRS_NOAA20_NRT,2026-10-05T23:32:17.807509+00:00,NOAA20,39.6,normal,31.05,74.65,31.05_74.65,INDUSTRIAL_PERSISTENT,1.0,Matched historical grid 31.05_74.65
31.0965,74.62688,337.82,0.46,0.39,2026-10-04 07:56:00,756,N20,VIIRS,,2.0NRT,303.11,6.54,D,VIIRS_NOAA20_NRT,2026-10-05T23:32:17.807509+00:00,NOAA20,39.6,normal,31.05,74.6,31.05_74.60,INDUSTRIAL_PERSISTENT,1.0,Matched historical grid 31.05_74.60
31.20379,74.57299,332.95,0.46,0.39,2026-10-04 07:56:00,756,N20,VIIRS,,2.0NRT,301.52,12.17,D,VIIRS_NOAA20_NRT,2026-10-05T23:32:17.807509+00:00,NOAA20,39.6,normal,31.2,74.55,31.20_74.55,INDUSTRIAL_PERSISTENT,1.0,Matched historical grid 31.20_74.55
31.35873,74.53663,338.29,0.46,0.39,2026-10-04 07:56:00,756,N20,VIIRS,,2.0NRT,305.17,5.03,D,VIIRS_NOAA20_NRT,2026-10-05T23:32:17.807509+00:00,NOAA20,39.6,normal,31.35,74.5,31.35_74.50,INDUSTRIAL_PERSISTENT,1.0,Matched historical grid 31.35_74.50
31.45314,74.87873,331.45,0.45,0.39,2026-10-04 07:56:00,756,N20,VIIRS,,2.0NRT,305.04,2.51,D,VIIRS_NOAA20_NRT,2026-10-05T23:32:17.807509+00:00,NOAA20,39.6,normal,31.45,74.85,31.45_74.85,INDUSTRIAL_PERSISTENT,0.75,Matched historical grid 31.45_74.85
31.47469,74.91692,334.98,0.45,0.39,2026-10-04 07:56:00,756,N20,VIIRS,,2.0NRT,303.88,2.82,D,VIIRS_NOAA20_NRT,2026-10-05T23:32:17.807509+00:00,NOAA20,39.6,normal,31.45,74.9,31.45_74.90,INDUSTRIAL_PERSISTENT,0.84,Matched historical grid 31.45_74.90
31.47812,74.81439,337.4,0.45,0.39,2026-10-04 07:56:00,756,N20,VIIRS,,2.0NRT,301.75,5.9,D,VIIRS_NOAA20_NRT,2026-10-05T23:32:17.807509+00:00,NOAA20,39.6,normal,31.45,74.8,31.45_74.80,INDUSTRIAL_PERSISTENT,0.72,Matched historical grid 31.45_74.80
31.49879,74.57029,333.99,0.46,0.39,2026-10-04 07:56:00,756,N20,VIIRS,,2.0NRT,302.62,2.79,D,VIIRS_NOAA20_NRT,2026-10-05T23:32:17.807509+00:00,NOAA20,39.6,normal,31.45,74.55,31.45_74.55,UNCLASSIFIED,0.0,Matched historical grid 31.45_74.55
27.76302,78.39589,331.04,0.39,0.36,2026-10-04 07:56:00,756,N20,VIIRS,,2.0NRT,304.15,2.38,D,VIIRS_NOAA20_NRT,2026-10-05T23:32:17.807509+00:00,NOAA20,39.6,normal,27.75,78.35,27.75_78.35,INDUSTRIAL_PERSISTENT,0.86,Matched historical grid 27.75_78.35
27.47527,77.12531,338.31,0.41,0.37,2026-10-04 07:56:00,756,N20,VIIRS,,2.0NRT,313.1,2.22,D,VIIRS_NOAA20_NRT,2026-10-05T23:32:17.807509+00:00,NOAA20,39.6,normal,27.45,77.1,27.45_77.10,UNCLASSIFIED,0.0,No historical match or heuristic rule
27.91133,77.52409,346.54,0.4,0.37,2026-10-04 07:56:00,756,N20,VIIRS,,2.0NRT,307.74,5.65,D,VIIRS_NOAA20_NRT,2026-10-05T23:32:17.807509+00:00,NOAA20,39.6,normal,27.9,77.5,27.90_77.50,INDUSTRIAL_PERSISTENT,1.0,Matched historical grid 27.90_77.50
28.40611,78.69757,331.4,0.38,0.36,2026-10-04 07:56:00,756,N20,VIIRS,,2.0NRT,302.21,1.11,D,VIIRS_NOAA20_NRT,2026-10-05T23:32:17.807509+00:00,NOAA20,39.6,normal,28.4,78.65,28.40_78.65,INDUSTRIAL_PERSISTENT,0.71,Matched historical grid 28.40_78.65
28.20113,77.85725,334.34,0.39,0.36,2026-10-04 07:56:00,756,N20,VIIRS,,2.0NRT,305.53,3.48,D,VIIRS_NOAA20_NRT,2026-10-05T23:32:17.807509+00:00,NOAA20,39.6,normal,28.2,77.85,28.20_77.85,UNCLASSIFIED,0.0,Matched historical grid 28.20_77.85
28.20049,77.85328,333.12,0.39,0.36,2026-10-04 07:56:00,756,N20,VIIRS,,2.0NRT,307.32,3.12,D,VIIRS_NOAA20_NRT,2026-10-05T23:32:17.807509+00:00,NOAA20,39.6,normal,28.2,77.85,28.20_77.85,UNCLASSIFIED,0.0,Matched historical grid 28.20_77.85
28.06355,76.44389,342.64,0.43,0.38,2026-10-04 07:56:00,756,N20,VIIRS,,2.0NRT,314.89,3.29,D,VIIRS_NOAA20_NRT,2026-10-05T23:32:17.807509+00:00,NOAA20,39.6,normal,28.05,76.4,28.05_76.40,INDUSTRIAL_PERSISTENT,0.88,Matched historical grid 28.05_76.40
28.06333,77.67978,332.6,0.4,0.37,2026-10-04 07:56:00,756,N20,VIIRS,,2.0NRT,305.19,1.86,D,VIIRS_NOAA20_NRT,2026-10-05T23:32:17.807509+00:00,NOAA20,39.6,normal,28.05,77.65,28.05_77.65,UNCLASSIFIED,0.0,Matched historical grid 28.05_77.65
28.02515,77.76194,332.54,0.4,0.37,2026-10-04 07:56:00,756,N20,VIIRS,,2.0NRT,306.3,2.31,D,VIIRS_NOAA20_NRT,2026-10-05T23:32:17.807509+00:00,NOAA20,39.6,normal,28.0,77.75,28.00_77.75,INDUSTRIAL_PERSISTENT,1.0,Matched historical grid 28.00_77.75
27.94997,77.59087,337.61,0.4,0.37,2026-10-04 07:56:00,756,N20,VIIRS,,2.0NRT,305.14,3.3,D,VIIRS_NOAA20_NRT,2026-10-05T23:32:17.807509+00:00,NOAA20,39.6,normal,27.9,77.55,27.90_77.55,UNCLASSIFIED,0.0,Matched historical grid 27.90_77.55
27.98618,77.60897,334.71,0.4,0.37,2026-10-04 07:56:00,756,N20,VIIRS,,2.0NRT,306.12,6.67,D,VIIRS_NOAA20_NRT,2026-10-05T23:32:17.807509+00:00,NOAA20,39.6,normal,27.95,77.6,27.95_77.60,INDUSTRIAL_PERSISTENT,0.87,Matched historical grid 27.95_77.60
27.95672,78.13887,337.29,0.39,0.36,2026-10-04 07:56:00,756,N20,VIIRS,,2.0NRT,306.3,4.43,D,VIIRS_NOAA20_NRT,2026-10-05T23:32:17.807509+00:00,NOAA20,39.6,normal,27.95,78.1,27.95_78.10,INDUSTRIAL_PERSISTENT,0.78,Matched historical grid 27.95_78.10
28.32183,77.63911,333.93,0.4,0.37,2026-10-04 07:56:00,756,N20,VIIRS,,2.0NRT,306.23,2.48,D,VIIRS_NOAA20_NRT,2026-10-05T23:32:17.807509+00:00,NOAA20,39.6,normal,28.3,77.6,28.30_77.60,INDUSTRIAL_PERSISTENT,0.86,Matched historical grid 28.30_77.60
28.00479,77.97037,337.85,0.39,0.36,2026-10-04 07:56:00,756,N20,VIIRS,,2.0NRT,306.57,2.73,D,VIIRS_NOAA20_NRT,2026-10-05T23:32:17.807509+00:00,NOAA20,39.6,normal,28.0,77.95,28.00_77.95,INDUSTRIAL_PERSISTENT,0.86,Matched historical grid 28.00_77.95
28.49576,77.46634,335.35,0.4,0.37,2026-10-04 07:56:00,756,N20,VIIRS,,2.0NRT,307.17,1.84,D,VIIRS_NOAA20_NRT,2026-10-05T23:32:17.807509+00:00,NOAA20,39.6,normal,28.45,77.45,28.45_77.45,INDUSTRIAL_PERSISTENT,0.67,Matched historical grid 28.45_77.45
28.75246,78.02319,332.76,0.39,0.36,2026-10-04 07:56:00,756,N20,VIIRS,,2.0NRT,302.05,1.7,D,VIIRS_NOAA20_NRT,2026-10-05T23:32:17.807509+00:00,NOAA20,39.6,normal,28.75,78.0,28.75_78.00,UNCLASSIFIED,0.0,Matched historical grid 28.75_78.00
28.693,78.50838,333.48,0.39,0.36,2026-10-04 07:56:00,756,N20,VIIRS,,2.0NRT,302.11,4.6,D,VIIRS_NOAA20_NRT,2026-10-05T23:32:17.807509+00:00,NOAA20,39.6,normal,28.65,78.5,28.65_78.50,UNCLASSIFIED,0.0,Matched historical grid 28.65_78.50
29.09647,77.12826,334.56,0.4,0.37,2026-10-04 07:56:00,756,N20,VIIRS,,2.0NRT,304.69,2.27,D,VIIRS_NOAA20_NRT,2026-10-05T23:32:17.807509+00:00,NOAA20,39.6,normal,29.05,77.1,29.05_77.10,INDUSTRIAL_PERSISTENT,0.67,Matched historical grid 29.05_77.10
29.0407,76.24123,345.72,0.43,0.38,2026-10-04 07:56:00,756,N20,VIIRS,,2.0NRT,312.0,8.34,D,VIIRS_NOAA20_NRT,2026-10-05T23:32:17.807509+00:00,NOAA20,39.6,normal,29.0,76.2,29.00_76.20,INDUSTRIAL_PERSISTENT,0.61,Matched historical grid 29.00_76.20
29.03727,76.242,345.86,0.43,0.38,2026-10-04 07:56:00,756,N20,VIIRS,,2.0NRT,313.02,8.34,D,VIIRS_NOAA20_NRT,2026-10-05T23:32:17.807509+00:00,NOAA20,39.6,normal,29.0,76.2,29.00_76.20,INDUSTRIAL_PERSISTENT,0.61,Matched historical grid 29.00_76.20
29.02116,76.93562,338.81,0.41,0.37,2026-10-04 07:56:00,756,N20,VIIRS,,2.0NRT,304.6,3.42,D,VIIRS_NOAA20_NRT,2026-10-05T23:32:17.807509+00:00,NOAA20,39.6,normal,29.0,76.9,29.00_76.90,UNCLASSIFIED,0.0,Matched historical grid 29.00_76.90
28.93856,76.24064,336.81,0.43,0.38,2026-10-04 07:56:00,756,N20,VIIRS,,2.0NRT,310.1,3.65,D,VIIRS_NOAA20_NRT,2026-10-05T23:32:17.807509+00:00,NOAA20,39.6,normal,28.9,76.2,28.90_76.20,UNCLASSIFIED,0.0,Matched historical grid 28.90_76.20
28.90082,79.86256,334.86,0.39,0.36,2026-10-04 07:56:00,756,N20,VIIRS,,2.0NRT,298.02,3.51,D,VIIRS_NOAA20_NRT,2026-10-05T23:32:17.807509+00:00,NOAA20,39.6,normal,28.9,79.85,28.90_79.85,INDUSTRIAL_PERSISTENT,1.0,Matched historical grid 28.90_79.85
28.91449,79.83961,334.89,0.39,0.36,2026-10-04 07:56:00,756,N20,VIIRS,,2.0NRT,298.69,5.8,D,VIIRS_NOAA20_NRT,2026-10-05T23:32:17.807509+00:00,NOAA20,39.6,normal,28.9,79.8,28.90_79.80,UNCLASSIFIED,0.0,Matched historical grid 28.90_79.80
23.72842,77.91418,333.13,0.42,0.38,2026-10-04 07:54:00,754,N20,VIIRS,,2.0NRT,306.52,1.99,D,VIIRS_NOAA20_NRT,2026-10-05T23:32:17.807509+00:00,NOAA20,39.6,normal,23.7,77.9,23.70_77.90,UNCLASSIFIED,0.0,Matched historical grid 23.70_77.90
23.65179,78.50697,330.43,0.41,0.37,2026-10-04 07:54:00,754,N20,VIIRS,,2.0NRT,304.79,2.99,D,VIIRS_NOAA20_NRT,2026-10-05T23:32:17.807509+00:00,NOAA20,39.6,normal,23.65,78.5,23.65_78.50,UNCLASSIFIED,0.0,Matched historical grid 23.65_78.50
23.70626,77.4382,334.43,0.44,0.38,2026-10-04 07:54:00,754,N20,VIIRS,,2.0NRT,308.34,1.24,D,VIIRS_NOAA20_NRT,2026-10-05T23:32:17.807509+00:00,NOAA20,39.6,normal,23.7,77.4,23.70_77.40,UNCLASSIFIED,0.0,Matched historical grid 23.70_77.40
23.72635,77.8808,334.35,0.42,0.38,2026-10-04 07:54:00,754,N20,VIIRS,,2.0NRT,309.09,2.27,D,VIIRS_NOAA20_NRT,2026-10-05T23:32:17.807509+00:00,NOAA20,39.6,normal,23.7,77.85,23.70_77.85,UNCLASSIFIED,0.0,Matched historical grid 23.70_77.85
24.15229,82.59866,330.63,0.42,0.38,2026-10-04 07:54:00,754,N20,VIIRS,,2.0NRT,305.6,2.17,D,VIIRS_NOAA20_NRT,2026-10-05T23:32:17.807509+00:00,NOAA20,39.6,normal,24.15,82.55,24.15_82.55,INDUSTRIAL_PERSISTENT,1.0,Matched historical grid 24.15_82.55
31.19972,75.02879,367.0,0.32,0.55,2026-10-04 07:37:00,737,N,VIIRS,,2.0NRT,300.17,5.75,D,VIIRS_SNPP_NRT,2026-10-05T23:32:17.649711+00:00,SNPP,39.9,normal,31.15,75.0,31.15_75.00,UNCLASSIFIED,0.0,Matched historical grid 31.15_75.00
30.46448,76.67077,334.06,0.54,0.51,2026-10-04 07:37:00,737,N,VIIRS,,2.0NRT,300.44,4.39,D,VIIRS_SNPP_NRT,2026-10-05T23:32:17.649711+00:00,SNPP,39.9,normal,30.45,76.65,30.45_76.65,UNCLASSIFIED,0.0,Matched historical grid 30.45_76.65
31.10552,74.51648,333.53,0.35,0.56,2026-10-04 07:37:00,737,N,VIIRS,,2.0NRT,299.86,1.97,D,VIIRS_SNPP_NRT,2026-10-05T23:32:17.649711+00:00,SNPP,39.9,normal,31.1,74.5,31.10_74.50,INDUSTRIAL_PERSISTENT,1.0,Matched historical grid 31.10_74.50
31.48635,74.97481,331.72,0.32,0.55,2026-10-04 07:37:00,737,N,VIIRS,,2.0NRT,299.77,1.51,D,VIIRS_SNPP_NRT,2026-10-05T23:32:17.649711+00:00,SNPP,39.9,normal,31.45,74.95,31.45_74.95,INDUSTRIAL_PERSISTENT,0.64,Matched historical grid 31.45_74.95
27.82113,77.44656,341.46,0.55,0.51,2026-10-04 07:35:00,735,N,VIIRS,,2.0NRT,302.61,11.68,D,VIIRS_SNPP_NRT,2026-10-05T23:32:17.649711+00:00,SNPP,40.0,normal,27.8,77.4,27.80_77.40,INDUSTRIAL_PERSISTENT,0.93,Matched historical grid 27.80_77.40
27.81994,77.44101,332.69,0.55,0.51,2026-10-04 07:35:00,735,N,VIIRS,,2.0NRT,300.85,5.42,D,VIIRS_SNPP_NRT,2026-10-05T23:32:17.649711+00:00,SNPP,40.0,normal,27.8,77.4,27.80_77.40,INDUSTRIAL_PERSISTENT,0.93,Matched historical grid 27.80_77.40
27.81769,77.44518,347.7,0.55,0.51,2026-10-04 07:35:00,735,N,VIIRS,,2.0NRT,302.47,7.53,D,VIIRS_SNPP_NRT,2026-10-05T23:32:17.649711+00:00,SNPP,40.0,normal,27.8,77.4,27.80_77.40,INDUSTRIAL_PERSISTENT,0.93,Matched historical grid 27.80_77.40
25.11929,76.10011,330.42,0.38,0.59,2026-10-04 07:35:00,735,N,VIIRS,,2.0NRT,305.07,3.79,D,VIIRS_SNPP_NRT,2026-10-05T23:32:17.649711+00:00,SNPP,40.0,normal,25.1,76.1,25.10_76.10,UNCLASSIFIED,0.0,Matched historical grid 25.10_76.10
26.13067,79.48287,331.71,0.45,0.47,2026-10-04 07:35:00,735,N,VIIRS,,2.0NRT,300.26,2.64,D,VIIRS_SNPP_NRT,2026-10-05T23:32:17.649711+00:00,SNPP,40.0,normal,26.1,79.45,26.10_79.45,UNCLASSIFIED,0.0,Matched historical grid 26.10_79.45
23.52084,76.87309,332.31,0.37,0.58,2026-10-04 07:35:00,735,N,VIIRS,,2.0NRT,306.38,1.93,D,VIIRS_SNPP_NRT,2026-10-05T23:32:17.649711+00:00,SNPP,40.0,normal,23.5,76.85,23.50_76.85,UNCLASSIFIED,0.0,Matched historical grid 23.50_76.85
28.21327,77.85485,335.01,0.51,0.5,2026-10-04 07:35:00,735,N,VIIRS,,2.0NRT,304.61,3.31,D,VIIRS_SNPP_NRT,2026-10-05T23:32:17.649711+00:00,SNPP,40.0,normal,28.2,77.85,28.20_77.85,UNCLASSIFIED,0.0,Matched historical grid 28.20_77.85
23.60236,77.04482,331.22,0.36,0.57,2026-10-04 07:35:00,735,N,VIIRS,,2.0NRT,305.47,0.72,D,VIIRS_SNPP_NRT,2026-10-05T23:32:17.649711+00:00,SNPP,40.0,normal,23.6,77.0,23.60_77.00,UNCLASSIFIED,0.0,Matched historical grid 23.60_77.00
25.08509,76.49146,330.68,0.36,0.57,2026-10-04 07:35:00,735,N,VIIRS,,2.0NRT,304.14,2.91,D,VIIRS_SNPP_NRT,2026-10-05T23:32:17.649711+00:00,SNPP,40.0,normal,25.05,76.45,25.05_76.45,UNCLASSIFIED,0.0,Matched historical grid 25.05_76.45
27.82233,77.44391,343.07,0.55,0.51,2026-10-04 07:35:00,735,N,VIIRS,,2.0NRT,300.97,7.53,D,VIIRS_SNPP_NRT,2026-10-05T23:32:17.649711+00:00,SNPP,40.0,normal,27.8,77.4,27.80_77.40,INDUSTRIAL_PERSISTENT,0.93,Matched historical grid 27.80_77.40
23.51575,77.12316,331.51,0.36,0.57,2026-10-04 07:35:00,735,N,VIIRS,,2.0NRT,304.96,1.79,D,VIIRS_SNPP_NRT,2026-10-05T23:32:17.649711+00:00,SNPP,40.0,normal,23.5,77.1,23.50_77.10,UNCLASSIFIED,0.0,Matched historical grid 23.50_77.10
28.84732,76.84982,331.63,0.57,0.52,2026-10-04 07:35:00,735,N,VIIRS,,2.0NRT,304.55,3.33,D,VIIRS_SNPP_NRT,2026-10-05T23:32:17.649711+00:00,SNPP,40.0,normal,28.8,76.8,28.80_76.80,INDUSTRIAL_PERSISTENT,0.86,Matched historical grid 28.80_76.80
28.92166,79.85252,329.63,0.39,0.44,2026-10-04 07:35:00,735,N,VIIRS,,2.0NRT,297.39,2.75,D,VIIRS_SNPP_NRT,2026-10-05T23:32:17.649711+00:00,SNPP,40.0,normal,28.9,79.85,28.90_79.85,INDUSTRIAL_PERSISTENT,1.0,Matched historical grid 28.90_79.85
28.93953,76.23835,340.94,0.62,0.54,2026-10-04 07:35:00,735,N,VIIRS,,2.0NRT,304.39,10.28,D,VIIRS_SNPP_NRT,2026-10-05T23:32:17.649711+00:00,SNPP,40.0,normal,28.9,76.2,28.90_76.20,UNCLASSIFIED,0.0,Matched historical grid 28.90_76.20
28.99477,79.75196,341.13,0.39,0.44,2026-10-04 07:35:00,735,N,VIIRS,,2.0NRT,296.03,4.25,D,VIIRS_SNPP_NRT,2026-10-05T23:32:17.649711+00:00,SNPP,40.0,normal,28.95,79.75,28.95_79.75,INDUSTRIAL_PERSISTENT,1.0,Matched historical grid 28.95_79.75
24.19847,82.71721,330.11,0.49,0.4,2026-10-04 07:33:00,733,N,VIIRS,,2.0NRT,304.71,4.55,D,VIIRS_SNPP_NRT,2026-10-05T23:32:17.649711+00:00,SNPP,40.0,normal,24.15,82.7,24.15_82.70,INDUSTRIAL_PERSISTENT,0.75,Matched historical grid 24.15_82.70
27.57642,77.48946,331.04,0.65,0.73,2026-10-04 07:01:00,701,N21,VIIRS,,2.0NRT,299.77,4.9,D,VIIRS_NOAA21_NRT,2026-10-05T23:32:17.979501+00:00,NOAA21,40.5,normal,27.55,77.45,27.55_77.45,UNCLASSIFIED,0.0,Matched historical grid 27.55_77.45
28.04994,77.52447,335.31,0.63,0.72,2026-10-04 07:01:00,701,N21,VIIRS,,2.0NRT,298.77,6.28,D,VIIRS_NOAA21_NRT,2026-10-05T23:32:17.979501+00:00,NOAA21,40.5,normal,28.0,77.5,28.00_77.50,INDUSTRIAL_PERSISTENT,1.0,Matched historical grid 28.00_77.50
28.07247,78.04649,334.74,0.59,0.7,2026-10-04 07:01:00,701,N21,VIIRS,,2.0NRT,299.59,4.75,D,VIIRS_NOAA21_NRT,2026-10-05T23:32:17.979501+00:00,NOAA21,40.5,normal,28.05,78.0,28.05_78.00,INDUSTRIAL_PERSISTENT,0.86,Matched historical grid 28.05_78.00
28.05584,77.52276,334.32,0.63,0.72,2026-10-04 06:59:00,659,N21,VIIRS,,2.0NRT,299.75,7.91,D,VIIRS_NOAA21_NRT,2026-10-05T23:32:17.979501+00:00,NOAA21,40.6,normal,28.05,77.5,28.05_77.50,UNCLASSIFIED,0.0,Matched historical grid 28.05_77.50
28.3497,76.87468,335.58,0.68,0.74,2026-10-04 06:59:00,659,N21,VIIRS,,2.0NRT,299.67,5.32,D,VIIRS_NOAA21_NRT,2026-10-05T23:32:17.979501+00:00,NOAA21,40.6,normal,28.3,76.85,28.30_76.85,INDUSTRIAL_PERSISTENT,0.9,Matched historical grid 28.30_76.85
